Date,Close,High,Low,Open,Volume
2015-01-02,170.12496948242188,171.32578382923276,169.08979341546532,170.91171340245012,121465900
2015-01-05,167.05258178710938,169.24715009688967,166.7461737006491,169.0815244457335,169632600
2015-01-06,165.47911071777344,167.88071412827958,164.68408994172034,167.35898134910641,209151400
2015-01-07,167.54119873046875,167.88073956316435,166.35696320099726,166.80415376773578,125346700
2015-01-08,170.5142059326172,170.72953065352303,168.93246642029644,168.94902014003745,147217800
2015-01-09,169.14779663085938,170.94486105666158,168.53496775123423,170.92829469871802,158567300
2015-01-12,167.82273864746094,169.43762341842782,167.21819936354106,169.2802746346781,144396100
2015-01-13,167.35072326660156,170.16639741804175,166.05053592069322,169.04012523018008,214553300
2015-01-14,166.3404083251953,166.53916672214785,164.4439709204368,165.3383521156499,192991100
2015-01-15,164.81661987304688,167.29275329332586,164.70068064236253,166.9780683165703,176613900
2015-01-16,166.97808837890625,167.13543720440362,164.42741236095966,164.60960440770086,211879600
2015-01-20,167.3341522216797,167.88072826145347,165.7689663888203,167.61571710165006,130991100
2015-01-21,168.17884826660156,168.65917148434727,166.4066273221596,166.87038418441705,122942700
2015-01-22,170.67984008789062,170.8123330247463,167.55774543821306,168.93246232905992,174356000
2015-01-23,169.7440185546875,170.67982169003744,169.61151299568783,170.42308743081597,117516800
2015-01-26,170.14158630371094,170.23268233008037,168.81656812684636,169.5287699776171,92009700
2015-01-27,167.89730834960938,169.04013431955212,167.0691673621353,168.0877772385284,134044600
2015-01-28,165.74412536621094,169.18090517407325,165.55365649034815,169.08153230604532,168514300
2015-01-29,167.2762451171875,167.53296686671393,164.5350871374661,165.94293728307736,173585400
2015-01-30,165.17274475097656,167.42528962048652,164.90774616208577,166.10027140317112,197729700
2015-02-02,167.21829223632812,167.3093882861238,163.8560405307607,165.66967202623516,163107000
2015-02-03,169.63636779785156,169.64465729362138,167.7399308212552,168.11259167452923,124212900
2015-02-04,168.9904327392578,170.0835848102543,168.53495270967596,168.87449351685765,134306700
2015-02-05,170.69642639160156,170.84549834910774,169.57844357423738,169.65297323477577,97953200
2015-02-06,170.22438049316406,171.62394076730268,169.70264763355704,171.06079833152506,125672000
2015-02-09,169.46249389648438,170.29891174267553,169.0567002644991,169.57843312899038,87219000
2015-02-10,171.267822265625,171.5245439299293,169.50387805595938,170.49765727271208,96164200
2015-02-11,171.36717224121094,171.79780900185008,170.45622492944372,171.10217375218946,91087800
2015-02-12,173.0152130126953,173.07318894711187,171.40034061976428,172.16222880934126,97545900
2015-02-13,173.72738647460938,173.77707290377327,172.88267926954353,173.13941354760124,93670400
2015-02-17,174.00071716308594,174.1746323442568,173.1642992486139,173.41273145538702,76968200
2015-02-18,174.01724243164062,174.09177207607388,173.363004077811,173.6280152176981,80652900
2015-02-19,173.89306640625,174.25745051578036,173.28025007334028,173.42103254539876,91462500
2015-02-20,174.93646240234375,175.01099203958267,172.85782096333855,173.47892654651372,140896400
2015-02-23,174.91165161132812,174.91165161132812,174.307099633419,174.68805002173943,74411100
2015-02-24,175.40853881835938,175.60729720252223,174.538988262736,174.83711952076607,72472300
2015-02-25,175.25949096679688,175.76465750269924,174.919950110312,175.28433418688803,73061700
2015-02-26,175.05245971679688,175.32574778048672,174.44790765025743,175.16839895868685,72697900
2015-02-27,174.45620727539062,175.2180955715284,174.40652083118627,174.95308435386465,108076000
2015-03-02,175.55763244628906,175.6155957510603,174.50588973440398,174.55557617747365,87491400
2015-03-03,174.837158203125,175.60733605528142,173.97589695405733,175.1270126646053,110325800
2015-03-04,174.1000518798828,174.31537659378927,173.13112857658436,174.24083431166872,114497200
2015-03-05,174.29058837890625,174.57215333133064,173.78542178241264,174.42308135647423,76873000
2015-03-06,171.8392791748047,173.85994549150837,171.5080277875941,173.42930857899026,188128000
2015-03-09,172.5514678955078,172.90756247783182,171.88067567378718,172.0380244934855,89818900
2015-03-10,169.75233459472656,171.2678341049669,169.71092501842804,171.18502758879842,157121300
2015-03-11,169.3548126220703,170.18295351508777,169.2719934781977,170.00903836752613,110145700
2015-03-12,171.50799560546875,171.5742357613371,169.93452022039267,169.98420665550796,93993500
2015-03-13,170.4562530517578,172.1953414628287,169.42107686549133,171.2347075656587,162410900
2015-03-16,172.7336883544922,172.824784389493,170.48114334031902,171.18506839590995,136099200
2015-03-17,172.22019958496094,172.60113735012428,171.40861234601115,171.99659798758267,94510400
2015-03-18,174.29058837890625,174.96138067468297,171.11051682508818,171.74818903558065,228808500
2015-03-19,173.49554443359375,174.29884223735098,173.1063171416112,173.8764948644553,117917300
2015-03-20,175.0269775390625,175.5343990554761,174.26168836055672,174.44469367420336,177715100
2015-03-23,174.68589782714844,175.60923808051962,174.68589782714844,175.0352680996626,71784500
2015-03-24,173.704345703125,175.0186380320636,173.6377971673957,174.56113747478216,77805300
2015-03-25,171.1588592529297,174.14516517243177,171.11727753709803,173.91225171531622,159521700
2015-03-26,170.75131225585938,171.6663260245403,169.79469137466845,170.49344462384173,153067200
2015-03-27,171.14230346679688,171.31698228652505,170.44355010937383,170.63488193095372,118939000
2015-03-30,173.23019409179688,173.52965615952493,172.15712908659208,172.17375670108467,96180400
2015-03-31,171.71624755859375,173.10542766496235,171.65802552080422,172.40667436163744,126768700
2015-04-01,171.10899353027344,171.70791762382157,170.11910474530265,171.6829635109933,137303600
2015-04-02,171.72459411621094,172.17378093460846,170.8594757130817,171.04248104094222,86900900
2015-04-06,172.8808135986328,173.39654885986658,170.70140310210584,170.8344874743749,114368200
2015-04-07,172.42332458496094,173.65444087797837,172.39005666043033,172.90579199409237,81236300
2015-04-08,173.0055694580078,173.44644234245783,172.2569207428978,172.64788540538498,89351900
2015-04-09,173.77085876464844,174.0037722627483,172.34842366502664,172.83920477224896,85548900
2015-04-10,174.71917724609375,174.76077166783332,173.82080373926343,174.02043665507665,72722900
2015-04-13,173.9289093017578,175.20994622951594,173.87900107989284,174.57774157166983,74436600
2015-04-14,174.26165771484375,174.444662996307,173.10540399623537,173.72928217590538,75099900
2015-04-15,175.04356384277344,175.55098523943107,174.64428538579418,174.72747421521345,99529300
2015-04-16,174.9936981201172,175.50111964000402,174.51123071654968,174.71087633994063,68934900
2015-04-17,172.9806671142578,174.04541847755462,172.1987375552785,173.8041911015985,191113200
2015-04-20,174.5611572265625,174.89388725002235,173.82082213545306,173.90399829489962,92189500
2015-04-21,174.35316467285156,175.4012754712299,174.05370263148143,175.2432242976131,72559800
2015-04-22,175.2099609375,175.39296622825637,173.77087272447622,174.69421298498898,78264600
2015-04-23,175.6508026123047,176.29963482126482,174.6941819093684,174.81063864705786,102585900
2015-04-24,176.05845642089844,176.32465059604635,175.60926961638245,176.06678292189486,61327400
2015-04-27,175.32644653320312,176.74888198105475,175.13511471141135,176.62411139539645,79358100
2015-04-28,175.88375854492188,175.93366677414596,174.1285805578068,175.30147471591496,86863500
2015-04-29,175.1600799560547,175.75899145469907,174.35319632844374,174.99370225288143,125684900
2015-04-30,173.40489196777344,174.97706470799116,172.70613865547094,174.58609997482478,161304900
2015-05-01,175.28482055664062,175.32641497531887,174.08697237858064,174.1867888291408,103399700
2015-05-04,175.78392028808594,176.36620404488573,175.60091500840113,175.7090452606993,70927200
2015-05-05,173.77085876464844,175.90037355030015,173.62944790457593,175.54267680425372,113326200
2015-05-06,173.05552673339844,174.62769963503646,171.99077538693658,174.31992371713588,135060200
2015-05-07,173.7458953857422,174.1701406361635,172.6229223711262,172.95565229556806,88244900
2015-05-08,176.03346252441406,176.23310811066005,175.33472201180402,175.41791084594837,155877300
2015-05-11,175.19334411621094,176.25809539088837,175.1184817670937,175.9919139186372,75708100
2015-05-12,174.66929626464844,175.20999844593865,173.5379963581667,174.361520342868,119727600
2015-05-13,174.70254516601562,175.70074779807248,174.4696316416302,175.07686956643255,94667900
2015-05-14,176.52426147460938,176.6157641176975,175.4428700634319,175.71737799269627,95934000
2015-05-15,176.71559143066406,176.85700230725067,176.23312407316172,176.71559143066406,76510100
2015-05-18,177.2646026611328,177.51414379393768,176.482673264118,176.54922179714424,74549700
2015-05-19,177.20640563964844,177.65560515994437,176.9235838337362,177.3810971626163,72114600
2015-05-20,177.08160400390625,177.830252816043,176.7655016333957,177.30619103184608,76857500
2015-05-21,177.59735107421875,177.80531050170612,176.77382717194772,176.94020486820656,64764600
2015-05-22,177.173095703125,177.63059623069003,177.1065471717183,177.214677429024,57433500
2015-05-26,175.2682342529297,177.10660150512177,174.85231532366652,176.68235607385677,124308600
2015-05-27,176.93182373046875,177.16473720190314,175.31805704065025,175.72566196207657,93214000
2015-05-28,176.7322235107422,176.8403537684896,176.04179677401598,176.6240805601602,74974600
2015-05-29,175.6342010498047,176.70726603429128,175.3680196018721,176.66568430602715,124919600
2015-06-01,175.99188232421875,176.63238811990755,175.20162647150613,176.29965816611687,93338800
2015-06-02,175.8172149658203,176.50764177283756,174.9105149284553,175.5343931970188,91531000
2015-06-03,176.28298950195312,176.90686758457306,175.79220845657179,176.34953802057242,87820900
2015-06-04,174.7940216064453,176.23309695766497,174.47791928810233,175.57595090371493,151882800
2015-06-05,174.4945831298828,175.16836957906196,173.8374242944559,174.64430781066267,121704700
2015-06-08,173.42152404785156,174.53619623751186,173.34666169944614,174.38645884786473,89063300
2015-06-09,173.39659118652344,173.9372933856817,172.7643990122124,173.39659118652344,105034700
2015-06-10,175.47618103027344,175.858832002378,174.1036537400769,174.1618757856882,134551300
2015-06-11,176.04180908203125,176.42444729989205,175.6841122858548,175.91702581659672,73876400
2015-06-12,174.69418334960938,175.91698545184602,174.41967546004273,175.21824501994865,135382400
2015-06-15,173.945556640625,174.22837837118564,172.84752494385896,173.55459196309474,124384200
2015-06-16,174.8938446044922,174.97703343649107,173.62113417047834,173.7958129477088,85308200
2015-06-17,175.17666625976562,175.78391680889797,174.1535096292943,175.17666625976562,126708600
2015-06-18,176.99839782714844,177.46422483733193,175.2099521217295,175.7755955789997,165867900
2015-06-19,176.21267700195312,176.8312356588325,175.83653181049735,176.7560091714565,130478700
2015-06-22,177.1154327392578,177.7005488974588,176.90646177171635,177.13215398794233,70696000
2015-06-23,177.2407989501953,177.57516012975066,176.84794529040192,177.32439243372787,68476800
2015-06-24,175.95355224609375,177.34947675949232,175.92847675070024,176.97333157401434,92307300
2015-06-25,175.41859436035156,176.5804724618703,175.34336787105184,176.4550949797041,97107400
2015-06-26,175.38514709472656,176.02041419852873,174.83346071915972,175.77800075112447,104174800
2015-06-29,171.7072296142578,175.39347982436033,171.6320031417022,173.90560784580808,202621300
2015-06-30,172.06671142578125,173.29546181848747,171.5902514653302,173.2452980690375,182925100
2015-07-01,173.4459228515625,173.88894033293766,172.66018988321343,173.63817259235734,135979900
2015-07-02,173.28707885742188,174.08953296522503,172.86913693253123,173.92235874618385,104373700
2015-07-06,172.79393005371094,173.57129600001744,171.79922611887224,171.99984285723042,117975400
2015-07-07,173.8805694580078,174.0059469390205,170.6122604041344,172.99453457998248,173820200
2015-07-08,170.96334838867188,172.8273660816652,170.72930189603494,172.54316859125993,164020100
2015-07-09,171.2725830078125,173.32050849145554,171.16392678851582,173.06137380341107,144113100
2015-07-10,173.42919921875,173.847141195784,171.31441383532407,173.27037922674475,129456900
2015-07-13,175.34335327148438,175.45200949545605,174.64956816725388,174.6913649093545,106069400
2015-07-14,176.10400390625,176.41328960475772,175.24304455862048,175.30156255048627,81709600
2015-07-15,176.04551696777344,176.60555767656038,175.56905700017123,176.1458189590258,97914100
2015-07-16,177.4581298828125,177.4581298828125,176.8562925380049,177.09869322333674,106683300
2015-07-17,177.6085968017578,177.66711479342928,177.0402019061939,177.4497768295928,89030000
2015-07-20,177.70053100585938,178.1936993785049,177.38290384028775,177.83427547271813,70446800
2015-07-21,176.99838256835938,177.82591206552033,176.69746391071664,177.5667773913658,77965000
2015-07-22,176.6807403564453,177.01510150199903,176.2795197363544,176.31294947362298,88667900
2015-07-23,175.68605041503906,176.91480061758097,175.32662650435347,176.81449864335698,90509100
2015-07-24,173.8638458251953,175.84488652548933,173.52949737736176,175.7863812866775,117755000
2015-07-27,172.85243225097656,173.48771220062577,172.40941478849834,172.97782249320676,132361100
2015-07-28,174.97557067871094,175.11766940495826,172.86078552440136,173.6883023863461,123544800
2015-07-29,176.17926025390625,176.4049397326802,174.9588640988521,175.1009628370131,105791300
2015-07-30,176.2210693359375,176.38824358344127,175.05082409425617,175.66938284005533,91304400
2015-07-31,175.95355224609375,176.74763936089735,175.66935479525043,176.72256386550384,103266900
2015-08-03,175.36007690429688,175.9786355788942,174.40716977317865,175.92013033856227,113965700
2015-08-04,175.0173797607422,175.7445946917955,174.53256555518115,175.28485598354138,81820800
2015-08-05,175.59410095214844,176.6305886124667,175.30989079100854,175.91172809583946,85786800
2015-08-06,174.15646362304688,175.8867371401203,173.57133452826318,175.77806812173253,116030800
2015-08-07,173.82208251953125,174.14807678298348,172.91932623122239,173.99762377888777,117858000
2015-08-10,176.0120849609375,176.09566570104846,174.93378755052083,174.93378755052083,80270700
2015-08-11,174.4238739013672,175.09258350334616,173.66321656968387,174.67464159643114,126081400
2015-08-12,174.6328582763672,174.8167537499092,171.65711371116103,173.119910497788,172123700
2015-08-13,174.41552734375,175.15946346067116,173.87219518806353,174.47403258091833,89383300
2015-08-14,175.05078125,175.12600772977814,174.0811529953894,174.22325170871736,72786500
2015-08-17,176.0287628173828,176.0287628173828,173.99757134669795,174.45730997830594,79072600
2015-08-18,175.5189208984375,176.10403715468834,175.28487439593715,175.75296740093785,71692700
2015-08-19,174.13137817382812,175.54401155928704,173.32056959350558,174.77499973400174,172946000
2015-08-20,170.4951934814453,174.10620430963462,170.43667550225052,172.61833239485938,194327900
2015-08-21,165.36288452148438,170.47013476666513,165.10376259857475,168.62282605901513,346588500
2015-08-24,158.40000915527344,165.07035953153323,152.4652279848282,156.7198870007359,507244300
2015-08-25,156.53594970703125,163.3734724970506,156.24338529966698,163.35675125116805,369833100
2015-08-26,162.54595947265625,162.82178988585238,157.45541774682738,160.55655206820418,339257000
2015-08-27,166.5665740966797,166.6919515691399,163.17288779329004,164.68583548232655,274143900
2015-08-28,166.57493591308594,167.04302883764254,165.43813334434464,165.92294751751413,160414400
2015-08-31,165.2291717529297,166.44956787940615,164.67748530858103,165.5969627158288,163298800
2015-09-01,160.29742431640625,162.8050754726631,159.4280981063428,161.42585968397782,256000400
2015-09-02,163.3400421142578,163.3818388515123,160.84074517949205,162.67968682752803,160269300
2015-09-03,163.45706176757812,165.54677103907727,162.9638934406019,164.0505320581229,152087800
2015-09-04,160.9828338623047,162.0444097005393,160.16367143231324,161.20017178067064,207081000
2015-09-08,165.02854919433594,165.17901492592512,163.1394562070167,163.7830903693618,116025700
2015-09-09,162.82176208496094,166.73370399544194,162.45398401197085,166.60832655630574,149347700
2015-09-10,163.70782470703125,164.8529812733041,162.3704057100358,162.62952761149262,158611100
2015-09-11,164.4517822265625,164.5186544606328,162.60447342977204,163.31497975651632,119691200
2015-09-14,163.8416290283203,164.67751308331736,163.3568147458726,164.6273620807501,79452000
2015-09-15,165.88951110839844,166.3325285195203,163.79980152590844,164.3431209155258,113806200
2015-09-16,167.3272247314453,167.51948720226258,165.84771948467198,166.19043492787617,99581600
2015-09-17,166.95108032226562,169.59247638943998,166.57493513497366,167.1934937850058,276046600
2015-09-18,164.22286987304688,166.93680784355814,163.81116558164115,164.44133777057908,223657500
2015-09-21,165.07147216796875,166.0965402320797,164.02118542685872,165.05466399026372,105726200
2015-09-22,162.928955078125,163.3910840081457,161.79463977906408,162.90374921111376,153890900
2015-09-23,162.66847229003906,163.56751138693272,162.08871175552784,163.09698481425332,92790600
2015-09-24,162.0802764892578,162.5424053099911,160.11414240201316,161.45010432122666,159378800
2015-09-25,162.03823852539062,163.84472653576523,161.16439280417225,163.5422434508639,155054800
2015-09-28,157.97149658203125,161.24839834759015,157.6606158624,161.1391644424739,178515900
2015-09-29,158.06399536132812,159.4251760927764,157.06412004099744,158.19003749953106,159045600
2015-09-30,161.0131378173828,161.18118110585462,159.17303367954602,159.9544407403364,163452000
2015-10-01,161.4332733154297,161.7357564021295,159.49234551780697,161.39125928266085,131079000
2015-10-02,163.8447723388672,163.86997820124844,158.90421817796545,159.45037511162676,211003300
2015-10-05,166.76034545898438,166.9872110078031,164.96225488960437,165.07148882438455,126320800
2015-10-06,166.18899536132812,167.18887056699,165.52521966477568,166.62591831272772,110274500
2015-10-07,167.5500946044922,167.9029893020909,165.9284457098228,167.121569541003,124307300
2015-10-08,169.0625457763672,169.34822066588782,166.86113625724226,167.16361932287643,153055200
2015-10-09,169.1633758544922,169.6422999150963,168.53320384467253,169.20538988598997,107069200
2015-10-12,169.32301330566406,169.52466013370486,168.81047291625748,169.23898524672592,56395600
2015-10-13,168.2559356689453,169.86077688392322,168.08789235480089,168.59202229723417,88038700
2015-10-14,167.4492950439453,168.77685890410558,167.1552224753485,168.19709862368754,99106200
2015-10-15,170.0204620361328,170.02885971648277,167.7434342144632,168.11313728403783,134142200
2015-10-16,170.79345703125,170.8102523905057,169.6591420581285,170.42375399346568,114580100
2015-10-19,170.8774871826172,170.8774871826172,169.83561069902436,170.14649154385307,76523900
2015-10-20,170.65899658203125,171.27236046365508,170.18847016210702,170.44054155017596,78448500
2015-10-21,169.60035705566406,171.23039177900486,169.43230087185302,171.07915659863906,102038000
2015-10-22,172.46548461914062,172.67554197229597,169.60031206597318,170.54976258403462,174911700
2015-10-23,174.3560028076172,174.72570580477407,173.33933238631926,174.13754777333517,144442300
2015-10-26,173.9275360107422,174.23841687580705,173.55783291667214,174.17960746768875,69033000
2015-10-27,173.59146118164062,173.92754793334998,172.91086435496442,173.25536160904352,77905800
2015-10-28,175.56588745117188,175.59109330131128,173.2636676659055,173.92744308771003,135906700
2015-10-29,175.4651336669922,175.8348367102245,174.94419546292036,175.06182708386837,90525500
2015-10-30,174.70895385742188,175.9777088988275,174.54932098534687,175.65841751290222,131076900
2015-11-02,176.77587890625,176.96912809584242,174.91056844424497,175.03661055814953,86270800
2015-11-03,177.2884063720703,177.84296086237885,176.1961055695823,176.42297110123278,95246100
2015-11-04,176.75067138671875,177.7085324673243,176.21292504007855,177.58250317548837,96224500
2015-11-05,176.57420349121094,177.27159543254461,175.6835623774952,176.80946669781952,78408700
2015-11-06,176.48179626464844,176.71707231683058,175.15424495413396,176.22973767460425,110471500
2015-11-09,174.83494567871094,176.0196722814713,173.88548229652773,175.8684243134523,131008700
2015-11-10,175.23826599121094,175.27188235158212,174.087155655755,174.35602243429958,75874600
2015-11-11,174.54933166503906,175.5576047938402,174.48211174700052,175.5071930605334,67846000
2015-11-12,172.1125946044922,173.97790497820498,172.0957992468074,173.50737854535558,121315200
2015-11-13,170.1800994873047,171.96979265843748,170.09608421887646,171.7009258502262,153577100
2015-11-16,172.7679443359375,172.82676654088328,169.87755349640048,169.99519790629205,117645200
2015-11-17,172.6419677734375,173.96112150855294,172.1462354127648,173.07889073209276,121123700
2015-11-18,175.38108825683594,175.52392572381035,173.0788677856342,173.12086900112726,121342500
2015-11-19,175.22979736328125,175.64991195162722,174.93571202308715,175.26340088916183,88220500
2015-11-20,175.86843872070312,176.5490225803326,175.4903380010073,175.98607034062815,94011500
2015-11-23,175.66677856445312,176.43137762573497,175.20464979935923,175.92724764453766,64931200
2015-11-24,175.9020538330078,176.30536040976253,174.27200652498112,174.65850492161297,98874400
2015-11-25,175.87684631347656,176.22974116741722,175.61636439712734,176.0280814705005,51980100
2015-11-27,176.07850646972656,176.28016618185288,175.49034833546534,175.9692725230474,37317800
2015-11-30,175.3475341796875,176.3558072327126,175.23830021847323,176.23817559020782,112822700
2015-12-01,177.01953125,177.13717567897376,175.7003777036247,175.9776549557406,97858400
2015-12-02,175.21304321289062,177.28841094488294,174.96097181798655,176.9691196566122,108441300
2015-12-03,172.7595977783203,175.73400473534974,172.03699985461813,175.46513794700394,166224200
2015-12-04,176.12889099121094,176.42297642336592,172.75957555460377,172.75957555460377,192913900
2015-12-07,175.0618133544922,176.22132129264844,174.09554178166388,175.80120656208416,102027100
2015-12-08,173.88546752929688,175.0113718208535,172.9024006937542,173.49896919440806,103372400
2015-12-09,172.53273010253906,175.33909367995196,171.558060762313,173.24693033755833,162401500
2015-12-10,172.97804260253906,174.2887985677135,172.3646786590171,172.599941892721,116128900
2015-12-11,169.6255340576172,171.52444809524988,169.3146404271741,170.86067243732876,211173300
2015-12-14,170.48257446289062,170.60861659080248,168.00389979791956,169.78519520283177,182385200
2015-12-15,172.2722625732422,173.17971202028292,170.45736367916072,171.99498528490597,154069600
2015-12-16,174.79296875,175.0954519293703,172.0790306373274,173.3981844884099,197017000
2015-12-17,172.12940979003906,175.1710363696927,172.1126016107863,175.1038164735659,173092500
2015-12-18,169.06292724609375,171.5225370211609,168.90233146446238,171.3873100077972,251393500
2015-12-21,170.45751953125,170.6350234924526,169.12205468560254,170.23776439102394,99094300
2015-12-22,172.0043182373047,172.30015391894648,170.3561221898982,171.3450398183421,111026200
2015-12-23,174.13430786132812,174.17657194553465,172.9171744604314,173.01015028681067,110987200
2015-12-24,173.846923828125,174.39633114107903,173.6271686412562,173.8807402551436,48539600
2015-12-28,173.44960021972656,173.49185138888316,172.3761548411937,173.1537646525366,65899900
2015-12-29,175.3007354736328,175.63037473039074,174.514677591052,174.5484811237396,92640700
2015-12-30,174.05819702148438,175.1401032204624,173.91450947796972,175.05557506677826,63317700
2015-12-31,172.3170623779297,174.0244308507707,172.3170623779297,173.38206059532405,114877900
2016-01-04,169.9081268310547,169.9165744875018,167.85421136208558,169.4601559928339,222353500
2016-01-05,170.1955108642578,170.65192938292125,169.0882616437573,170.22931438900892,110845800
2016-01-06,168.0486297607422,169.0967066751727,167.01744815983184,167.64291008691177,152112600
2016-01-07,164.0168914794922,166.88222079288164,163.62807998718796,165.09878489652976,213436100
2016-01-08,162.21653747558594,165.53829802935783,161.9291623754755,164.98044314289444,209817200
2016-01-11,162.3771514892578,163.4759531747563,160.44158027718976,163.13785340380966,187941300
2016-01-12,163.68727111816406,164.4395254227884,161.55728756572674,163.82251103515432,172330500
2016-01-13,159.60479736328125,164.70153370781395,159.2244464071734,164.3549862801032,221168900
2016-01-14,162.2249755859375,163.3491329495892,158.61585304162892,160.21333710635813,240795600
2016-01-15,158.74266052246094,159.545626525403,156.8070892986453,157.8636269070395,324846400
2016-01-19,158.95391845703125,160.68664217369647,157.38179047029269,160.55986285911416,195244400
2016-01-20,156.91696166992188,158.4806425014782,153.00355510783967,156.39292313915038,286547800
2016-01-21,157.79595947265625,159.63855431662083,156.06323573681763,157.39025276431994,195772900
2016-01-22,161.0332489013672,161.2360958795288,159.64707199611334,160.4077739585961,168319600
2016-01-25,158.59898376464844,160.7205067839082,158.4045844426672,160.52610746192698,130371700
2016-01-26,160.7627716064453,161.0416991030109,158.92017607403994,159.25826297444084,141036800
2016-01-27,159.01316833496094,161.91230185213396,158.10876579230634,160.23874959702297,185681700
2016-01-28,159.84146118164062,160.76275887488137,158.1932651026348,160.55991190958068,143798800
2016-01-29,163.73797607421875,163.873215985602,160.49229558414746,160.61062728231084,210529300
2016-02-01,163.67880249023438,164.4648731839327,162.14893808414905,162.7321489123667,136061600
2016-02-02,160.72894287109375,162.25880713586815,160.2048914913047,162.2503594786988,182564900
2016-02-03,161.69252014160156,162.0982269769642,158.14255631350596,161.78549596816256,205054900
2016-02-04,161.94607543945312,162.91808479426678,160.55989873581998,161.19382124474708,139531800
2016-02-05,158.8610076904297,162.00526495100985,158.22708506365447,161.43051462671764,180788300
2016-02-08,156.72254943847656,157.31420787559784,154.50805090359978,157.01838510563053,191526700
2016-02-09,156.73095703125,158.00726229491218,154.8460981715298,154.98133803606862,184513100
2016-02-10,156.5957794189453,159.19062903955063,156.46898716953467,157.559341187404,148214100
2016-02-11,154.5587615966797,155.60685146191437,153.0627008537109,154.11923837613784,219058900
2016-02-12,157.74533081054688,157.76222613011902,155.488567517376,156.33379779484181,127632400
2016-02-16,160.4077911376953,160.43314701268105,158.59055131203985,159.55411325306656,120250700
2016-02-17,163.02798461914062,163.3998879239624,161.44739557364798,161.57418782603054,136009500
2016-02-18,162.36024475097656,163.35762296284307,162.04751374504974,163.29845066594467,102343000
2016-02-19,162.2841339111328,162.43626909602608,160.97402504230922,161.5825915762507,114793000
2016-02-22,164.63394165039062,164.77762924050367,163.79715908741392,163.86477905285352,103640300
2016-02-23,162.55467224121094,164.24513257867517,162.43632763628713,163.97465273403023,111455300
2016-02-24,163.29843139648438,163.5773588406894,160.01894780722012,161.126197029946,150812200
2016-02-25,165.27627563476562,165.28473618932878,162.9857094586589,163.74641133250677,110728300
2016-02-26,164.89593505859375,166.23984780551964,164.7353392780452,166.14688487697853,129833700
2016-02-29,163.60272216796875,165.85948479522963,163.40832287272696,164.9128312909009,125918100
2016-03-01,167.44850158691406,167.5330297386058,164.354956954464,164.82828365069315,141799700
2016-03-02,168.20083618164062,168.25154793804427,166.72168309964127,167.13585060558998,102415000
2016-03-03,168.86004638671875,168.87695459773252,167.4485138509449,168.023264053551,95172200
2016-03-04,169.40939331054688,170.18701603332048,168.22607681446965,169.0543983617237,129293600
2016-03-07,169.54469299316406,169.95041270399778,168.4120878190908,168.48815542842698,100219000
2016-03-08,167.69363403320312,168.97838729951602,167.5330511599525,168.47125701607789,123974900
2016-03-09,168.52195739746094,168.86849188710752,167.71897859938895,168.50504918666311,94801200
2016-03-10,168.6572265625,169.95044061956992,166.8315391526143,169.01223459208887,156838700
2016-03-11,171.3787841796875,171.4210482477862,168.64024796857842,170.11093951982357,137964500
2016-03-14,171.15908813476562,171.61550669502927,170.54207379862802,170.87171300803712,73612000
2016-03-15,170.8802032470703,171.1844866621324,169.93354946562846,170.1955687874782,93169100
2016-03-16,171.8690643310547,172.27478401520258,170.3561083126268,170.3983723918738,129303200
2016-03-17,172.95945739746094,173.46658777165402,171.38732873280304,171.7845879527083,134278500
2016-03-18,173.63912963867188,173.97896029914256,173.14636610639326,173.4607101155141,138372400
2016-03-21,173.88551330566406,174.11490614258017,173.14637445346796,173.3757672903841,72926700
2016-03-22,173.79202270507812,174.36124610349137,172.9509374130184,173.1123485254018,97471900
2016-03-23,172.64508056640625,173.596616617055,172.47515230275633,173.4097058980052,81052500
2016-03-24,172.56863403320312,172.60262487660995,171.39620920983543,171.61709783714622,84360900
2016-03-28,172.67062377929688,173.1973652707917,172.2203422532686,172.9849678353553,62408200
2016-03-29,174.267822265625,174.3782730668679,171.95693741492593,172.26279020292168,92922900
2016-03-30,175.03245544433594,175.75459883610552,174.66712517015125,175.27033949853165,86365300
2016-03-31,174.60763549804688,175.3637696250937,174.44621142086157,174.93897488037737,94584100
2016-04-01,175.7970733642578,175.9839841079192,173.2992779386992,173.6136348968796,114423500
2016-04-04,175.2278289794922,175.9244985706201,174.92197625036152,175.72059242996414,63497000
2016-04-05,173.47769165039062,175.23633527129175,173.2228121935869,173.88549100305198,99662200
2016-04-06,175.37225341796875,175.4317309022867,173.29925307744682,173.47767256669442,91839800
2016-04-07,173.27371215820312,174.64155126831295,172.54306493857234,174.28472536528892,113859000
2016-04-08,173.74107360839844,174.88802475657786,173.20582801075355,174.45472576278593,95040600
2016-04-11,173.33323669433594,175.07489759401867,173.2397813398055,174.3782280486633,83757500
2016-04-12,174.9474639892578,175.22783007301945,173.0613743084662,173.50316446745788,115350600
2016-04-13,176.71456909179688,176.7995332047263,175.7290424221115,175.86497981731708,96336400
2016-04-14,176.72312927246094,177.22439699240624,176.37480738642867,176.7741155383348,65212900
2016-04-15,176.52767944335938,176.8590187813295,176.2048313322123,176.72308136993018,75761600
2016-04-18,177.76808166503906,177.80205953527738,175.86499683907383,176.52767550021161,82531000
2016-04-19,178.3288116455078,178.58369106078013,177.51321307308314,178.1928871925741,88316100
2016-04-20,178.4987030029297,179.19535943272425,177.89548894359157,178.37125683978354,81100300
2016-04-21,177.5387420654297,178.62621573052118,177.26686716730248,178.5157649326934,85695000
2016-04-22,177.5387420654297,177.8106039998482,176.63817915187346,177.18191598441922,99251700
2016-04-25,177.2328643798828,177.27534644720865,176.32379740119583,176.93550287230877,66166500
2016-04-26,177.49623107910156,178.0059899481992,177.0204630485873,177.59817766743848,75864200
2016-04-27,177.86160278320312,178.25240677212835,176.75713361832348,177.11395972444592,77329400
2016-04-28,176.247314453125,178.20986384856798,175.83102395330687,177.10540802449896,97216200
2016-04-29,175.2958221435547,175.9754964101699,174.1913530807685,175.6271615660197,142424100
2016-05-02,176.6891632080078,176.86756977751688,175.36380540824536,175.79709146933402,62188000
2016-05-03,175.15139770507812,175.6951345387806,174.4037546973465,175.45725048426755,106422100
2016-05-04,174.1743621826172,174.8880273111376,173.67310742140722,174.15737972419933,92243800
2016-05-05,174.14035034179688,174.9984310180726,173.7155556174355,174.6416050052538,67619200
2016-05-06,174.77752685546875,174.82000891686093,173.2142855203949,173.3672053849607,89315000
2016-05-09,174.9219970703125,175.35528308660804,174.47171563267943,174.65013514745297,74374900
2016-05-10,177.09695434570312,177.1139497680039,175.5591992020573,175.62716792755162,77472200
2016-05-11,175.44020080566406,177.17335737593692,175.44020080566406,176.63812490066258,81727000
2016-05-12,175.49119567871094,176.2813206126645,174.48018215348213,176.1113923507691,89586300
2016-05-13,173.96194458007812,175.74608774865698,173.63910937941026,175.19385974889587,96474600
2016-05-16,175.67808532714844,176.15385329050272,174.07236196897537,174.131839446247,77486800
2016-05-17,174.03842163085938,175.69511863327767,173.51166730323104,175.40626130233449,114924900
2016-05-18,174.08934020996094,175.2702687752406,173.0018669828129,173.69003221646247,120062100
2016-05-19,173.4861602783203,173.77501757533724,172.27974483456785,173.36721827580124,115430500
2016-05-20,174.58213806152344,175.1003881365985,174.04689256787208,174.09786585989488,104990400
2016-05-23,174.34420776367188,174.87944015150006,174.15729710008026,174.59907415611264,58682600
2016-05-24,176.60411071777344,176.91846755108577,175.1343249661774,175.1598116062158,93537800
2016-05-25,177.8020782470703,178.21838174260373,176.60415401675047,177.28382816638836,76621400
2016-05-26,177.85308837890625,178.16744535440486,177.53874436711646,177.93805252659968,55280700
2016-05-27,178.61770629882812,178.62619752713854,177.96351873512137,178.01449203239846,64211200
2016-05-31,178.27786254882812,179.00001882948405,177.71713035187463,178.88956804301242,109879400
2016-06-01,178.6431884765625,178.82159501256743,177.47075081370213,177.66615276960985,69936200
2016-06-02,179.18695068359375,179.20393314220095,177.768137567361,178.2439056825398,63044700
2016-06-03,178.65167236328125,179.000007156586,177.44525687389782,178.62618571632788,101757100
2016-06-06,179.5607452392578,179.91757127208038,178.84708020990576,179.00850428840553,64887000
2016-06-07,179.8411102294922,180.40184244536616,179.68819033263986,179.71367698211526,60974800
2016-06-08,180.42733764648438,180.55478386360957,179.84962294605026,179.97705619946709,66170900
2016-06-09,180.18092346191406,180.2998654606559,179.42478940626114,179.69665127608295,73786900
2016-06-10,178.4732666015625,179.14443658039636,177.9295168943366,178.8046059770867,113829200
2016-06-13,177.09695434570312,178.72816486643998,177.01200316161686,177.87008401402844,117751200
2016-06-14,176.7485809326172,177.34330391003104,175.7970449106847,176.71460305913646,125059300
2016-06-15,176.50218200683594,177.87002133660437,176.31527131851695,176.74855720669046,109124500
2016-06-16,177.0289764404297,177.19890472720832,174.66711844773843,176.50223504979886,149533100
2016-06-17,176.36968994140625,176.95040897544104,175.71210030370545,176.9247897845939,117055700
2016-06-20,177.50555419921875,179.0086034710475,177.42014819341375,178.33394293724493,82789600
2016-06-21,178.00930786132812,178.41922777226097,177.44565983934606,177.88974734434277,72461700
2016-06-22,177.718994140625,178.91459961774572,177.57380137521815,178.18868791520092,95560500
2016-06-23,180.03335571289062,180.08459408836288,178.7181896283184,179.17934803869173,102731400
2016-06-24,173.56854248046875,180.06754207953452,173.1244547948989,173.90160498686507,333444400
2016-06-27,170.45993041992188,172.1679457025619,169.64861273576992,172.15939728623033,230775800
2016-06-28,173.5343475341797,173.55996672054923,171.75801010286608,172.06545337042272,159382400
2016-06-29,176.48922729492188,176.71979998221832,174.83245033872933,174.93492708863886,137328600
2016-06-30,178.8975067138672,178.94874508440498,176.4038061090953,176.9589188625386,165021900
2016-07-01,179.27330017089844,179.76009082936653,178.73527113388084,178.89753468670352,106055300
2016-07-05,177.98379516601562,178.5559789132819,177.38599222343342,178.4449537128285,109803700
2016-07-06,179.05123901367188,179.17079955807648,176.83081401059002,177.4884035203763,96021500
2016-07-07,178.94029235839844,179.89677713326168,178.17169038304445,179.23065194632082,85593800
2016-07-08,181.60467529296875,181.85234474579912,180.00768556429006,180.2382712197585,133971000
2016-07-11,182.24520874023438,182.81740527485772,181.86090794309075,182.06587444942394,73633900
2016-07-12,183.56893920898438,183.8678470947775,182.2708439503184,183.2102575647061,101275600
2016-07-13,183.54330444335938,183.99592741065823,183.05652690712833,183.98739202620553,87324100
2016-07-14,184.56817626953125,185.03788320317508,184.17533994766615,184.80729743009067,91230900
2016-07-15,184.3204803466797,185.32820316074802,183.87639270145345,185.1317850417746,107155400
2016-07-18,184.81581115722656,184.97807470667493,184.18384076230222,184.4400456808458,58725900
2016-07-19,184.6279296875,184.6620842623495,184.1496874528655,184.39734395611424,54345700
2016-07-20,185.39651489257812,185.6356359885821,184.6279132312971,184.6279132312971,58159500
2016-07-21,184.69619750976562,185.50750199268026,184.25210998068152,185.28546474369807,67777300
2016-07-22,185.52464294433594,185.57588132287663,184.55107465869187,184.81581496856785,62787500
2016-07-25,185.02078247070312,185.37092879203456,184.44006342850685,185.31969040962014,55873100
2016-07-26,185.10618591308594,185.4648676161722,184.26071352151683,184.9183031594039,70080500
2016-07-27,184.90977478027344,185.55028063815573,184.14115993213971,185.48195844957993,84083900
2016-07-28,185.1232452392578,185.4136047179644,184.25215377201522,184.713312177542,65035700
2016-07-29,185.422119140625,185.78080075573368,184.57665998755502,184.85848404895214,79519400
2016-08-01,185.26837158203125,185.87470955215738,184.8157486924039,185.48187343680337,73311400
2016-08-02,184.08131408691406,185.17444261387604,183.2443904090163,185.02071449198954,92295500
2016-08-03,184.619384765625,184.67917156164796,183.72268707427097,184.02158196101436,53993600
2016-08-04,184.81581115722656,185.13178983912698,182.97115138106105,184.7304051740042,46585500
2016-08-05,186.32740783691406,186.37011083137153,184.8158234758889,184.8158234758889,71892200
2016-08-08,186.21640014648438,186.61778484796963,185.95165981808444,186.5152950525933,39906500
2016-08-09,186.32740783691406,186.82273390414736,186.0028937475107,186.28471787358092,51251700
2016-08-10,185.86627197265625,186.51531326148844,185.51612561911315,186.43845568079632,57941100
2016-08-11,186.72877502441406,186.97644455037576,186.13097225142164,186.39571254866664,72504300
2016-08-12,186.56655883789062,186.78006079832295,186.16517410978778,186.4213660374062,61313500
2016-08-15,187.10458374023438,187.45473009932525,186.9252493824447,186.9337847700593,49813500
2016-08-16,186.13951110839844,186.75438462109534,186.13951110839844,186.68607547722425,53213600
2016-08-17,186.4897003173828,186.6263447083874,185.33679747498837,186.1737215654203,75134300
2016-08-18,186.90809631347656,186.94225088240444,186.3529966083296,186.4640087306862,52989300
2016-08-19,186.63487243652344,186.8142198212472,185.95167657179212,186.43845427696948,75443000
2016-08-22,186.62631225585938,186.85689799669217,186.02850943807448,186.3957265150266,61368800
2016-08-23,187.0020751953125,187.54010423953017,186.9422883987888,187.24119631915949,53399200
2016-08-24,186.04551696777344,186.95076272516602,185.62704865132346,186.85682139009026,71728900
2016-08-25,185.9175262451172,186.3359948276282,185.50760608194187,185.66132125645998,69224800
2016-08-26,185.5673065185547,187.13014199743318,184.67914434418842,186.10533547897305,122506300
2016-08-29,186.48114013671875,186.7458804646386,185.66128693081814,185.69545453958983,70502200
2016-08-30,186.17369079589844,186.6775522444359,185.61859096698421,186.3957281212393,58114500
2016-08-31,185.6441650390625,185.96014366200822,184.8670150425582,185.8405831264784,85269500
2016-09-01,185.65274047851562,185.9430999801453,184.49128944087306,185.63565667514803,97844200
2016-09-02,186.4897003173828,186.91670426592736,185.9175165900683,186.50678412403997,79293900
2016-09-06,187.05331420898438,187.1301717780979,186.0541267171368,186.77149009111085,56702100
2016-09-07,187.0362548828125,187.21560226533907,186.42991660562274,186.89107511177937,76554900
2016-09-08,186.6092071533203,186.9764372194823,186.30176387767503,186.70314851618755,74102900
2016-09-09,182.14280700683594,185.34533668699805,182.11718781188478,185.2940982970957,221589100
2016-09-12,184.7560272216797,185.15741189301355,181.31437714876296,181.38269933017335,168110900
2016-09-13,182.1000518798828,183.7397450430388,181.47662992931066,183.4750047502392,182828800
2016-09-14,182.0317840576172,183.35549894800207,181.47668411864615,182.1513446459091,134185500
2016-09-15,183.8507537841797,184.23505459523517,181.69011561396283,181.869462942387,134427900
2016-09-16,183.1400909423828,183.41476016392667,182.4534440824219,183.23450685016985,155236400
2016-09-19,183.17440795898438,184.43614170473515,182.84824157392163,183.79240053228875,80250500
2016-09-20,183.1829833984375,184.18721803903782,183.14865629913766,184.03272644676736,69665300
2016-09-21,185.24298095703125,185.4232211655108,183.2001712812714,183.88683120645484,110284400
2016-09-22,186.4102783203125,186.71069611831638,186.00687921854612,186.25578671924643,76678700
2016-09-23,185.38888549804688,186.15279119157253,185.29446959898425,186.01545659349085,73630900
2016-09-26,183.8868408203125,184.73657089861007,183.68941740477214,184.5563306807073,89827300
2016-09-27,185.02841186523438,185.12281467748386,183.3546741024381,183.72375923728868,78494800
2016-09-28,185.94679260253906,186.1012973023667,184.2902381859078,185.2515541956856,87411000
2016-09-29,184.26451110839844,186.14423787828596,183.71518570003892,185.74082559904295,128070600
2016-09-30,185.6549530029297,186.35876986017539,184.84812865424877,185.0970361399101,117202900
2016-10-03,185.20864868164062,185.43180760066994,184.57348593170434,185.24298888269087,83512100
2016-10-04,184.26451110839844,185.5434152592913,183.67228008914353,185.3202563142221,119948100
2016-10-05,185.0798797607422,185.50904053514677,184.82238067670994,184.89104797224837,72816000
2016-10-06,185.20864868164062,185.43180760066994,184.3159999085741,184.8567336540969,62927400
2016-10-07,184.573486328125,185.654980015392,183.84392076610686,185.48331830062003,89788300
2016-10-10,185.53482055664062,185.99830850883853,185.38890744026443,185.53482055664062,51855000
2016-10-11,183.19154357910156,185.17427716025622,182.46197819364937,185.10560987157612,130367400
2016-10-12,183.43190002441406,183.95547668183588,182.83106447557643,183.328892534842,73866100
2016-10-13,182.8311004638672,183.32892862112476,181.28613188259507,182.10153487758862,101357000
2016-10-14,182.92550659179688,184.27307787424564,182.84826078625434,183.8095768470923,93346200
2016-10-17,182.29039001464844,183.15729032697007,182.11013667207192,182.89979116483994,58275700
2016-10-18,183.43190002441406,183.9468850844857,183.0542364555266,183.88680938777023,76869700
2016-10-19,183.92112731933594,184.2301235787568,183.33747499428907,183.69796844745565,66519200
2016-10-20,183.57781982421875,184.13572360059572,182.91690855450392,183.56922822655446,73639800
2016-10-21,183.6636199951172,183.749457378798,182.61646677955162,183.5777957083823,89089100
2016-10-24,184.4447021484375,184.81378719491968,184.09278719868496,184.53911803503095,60146600
2016-10-25,183.82672119140625,184.5219595377776,183.66363800458882,184.26446045843153,66542300
2016-10-26,183.4576873779297,184.0413398553633,182.76243578999856,183.0027779184741,75705500
2016-10-27,182.96841430664062,184.21297801001447,182.8911685057367,184.17865090859547,77220200
2016-10-28,182.4276580810547,183.6207245221846,181.71526271359414,182.94265625436947,140623200
2016-10-31,182.436279296875,182.9856046590172,182.2731960789508,182.76243263577368,61272500
2016-11-01,181.11441040039062,182.81389635703093,179.9041870698058,182.76238606690387,122781800
2016-11-02,180.02439880371094,181.19171684432766,179.58664635288605,180.80546160019983,103330800
2016-11-03,179.20040893554688,180.4535644183679,178.92575279359647,180.23898398683315,88939300
2016-11-04,179.00299072265625,180.1531386417637,178.85707760727243,179.31198705433658,109122100
2016-11-07,182.95118713378906,182.98552732144353,179.00291685489807,179.00291685489807,109794900
2016-11-08,183.7752227783203,184.341718129742,182.29033020287906,182.55640778089457,106772100
2016-11-09,185.7236328125,186.3416254149627,182.25600619902065,182.28175479937755,258429000
2016-11-10,186.18714904785156,187.3802157347475,184.72800471881305,186.51331549793616,172113300
2016-11-11,185.75796508789062,185.99829409588128,184.81381915562696,185.46613887775177,100552700
2016-11-14,185.9038848876953,186.4875504259405,185.15714923575797,186.2815485129806,94580000
2016-11-15,187.35446166992188,187.35446166992188,186.0841492072247,186.2901380354216,91652600
2016-11-16,187.00250244140625,187.23425291532033,186.61626038284734,186.73642486988672,65617700
2016-11-17,187.96385192871094,188.02392763030738,187.04544153003013,187.15702752907129,69797200
2016-11-18,187.54327392578125,188.20418524017103,187.3630206229664,188.0325235356012,86265800
2016-11-21,188.95948791503906,188.98523651431762,187.97242335083433,188.11833644572866,72402600
2016-11-22,189.3285675048828,189.50880769460164,188.59898895463746,189.26847871034497,67429000
2016-11-23,189.43162536621094,189.4831225805271,188.61622224665103,188.81363260051356,56620200
2016-11-25,190.1354217529297,190.16974885738745,189.6976693151591,189.77492821985058,37872300
2016-11-28,189.24278259277344,190.10110437370557,189.1397881700859,189.8264482142218,76572500
2016-11-29,189.61184692382812,190.06675636995516,188.9766841608632,189.27710198994313,69886700
2016-11-30,189.15689086914062,190.39287588876715,189.0968020793508,190.22979271299056,113291800
2016-12-01,188.4617462158203,189.45738966796557,188.10123949183944,189.45738966796557,79040500
2016-12-02,188.5561065673828,189.0453562275838,188.1956130215794,188.54752806520293,74840300
2016-12-05,189.6890869140625,190.0324103393807,189.19125877948673,189.38866909419724,67837800
2016-12-06,190.28993225097656,190.32427245579137,189.39728338005267,189.87794147185406,59877400
2016-12-07,192.77903747558594,192.83911317744608,190.01524086325963,190.13540536392824,110738100
2016-12-08,193.2510986328125,193.72317812153088,192.4871929499584,192.75328364138,99714400
2016-12-09,194.4184112548828,194.43558135317642,193.43992520330906,193.47426539989627,88005800
2016-12-12,194.19529724121094,194.80471145046042,193.77471486598523,194.32404026579505,102016100
2016-12-13,195.49130249023438,195.98913053789093,194.83898285724317,194.85615295459598,110477500
2016-12-14,193.877685546875,195.89473343151758,193.43993315255847,195.19091653592832,142501800
2016-12-15,194.67593383789062,195.5342554988994,193.88627948139643,194.1180299970146,124972600
2016-12-16,194.29515075683594,195.19307389517814,193.97570417303768,195.1326309338425,156420200
2016-12-19,194.71826171875,195.14132303377673,194.3297430116391,194.476516159919,90341100
2016-12-20,195.46937561035156,195.6161619153892,195.0204271537842,195.25353044595224,89838800
2016-12-21,194.92544555664062,195.5125380525151,194.92544555664062,195.33986456397218,67909000
2016-12-22,194.58872985839844,194.8995474109714,194.19156897349964,194.77867465020097,56219100
2016-12-23,194.87362670898438,194.8822557716593,194.44193644069242,194.6318680385307,36697800
2016-12-27,195.35714721679688,195.75429494610862,195.1240307479396,195.1413020500403,42672500
2016-12-28,193.7426300048828,195.63343590620065,193.63039946871237,195.61617777703253,64095000
2016-12-29,193.69943237304688,194.16565207513557,193.25909985948013,193.81166288654242,48696100
2016-12-30,192.991455078125,194.11385243836685,192.30074799688836,194.0275091129091,108998300
2017-01-03,194.46783447265625,194.97722582134307,193.29363643000622,194.29514782809548,91366500
2017-01-04,195.6248016357422,195.77157477463183,194.7873212983205,194.79595036267494,78744400
2017-01-05,195.46937561035156,195.62479097927357,194.6750669862593,195.35714508328138,78379000
2017-01-06,196.16873168945312,196.63495146380882,195.03769192320487,195.58162597173967,71559900
2017-01-09,195.52117919921875,196.0478418995289,195.48663659721726,195.90969783980825,46939700
2017-01-10,195.52117919921875,196.37591757368713,195.1326473844866,195.53843732607686,63771900
2017-01-11,196.0737762451172,196.0737762451172,194.77006286354137,195.43486973878854,74650000
2017-01-12,195.58164978027344,195.77159460846687,194.22614878723348,195.5557494104421,72113200
2017-01-13,196.03053283691406,196.3327080884341,195.7197153494871,195.7542447706945,62717900
2017-01-17,195.3398895263672,195.79748025784545,194.9513708339613,195.39169026213537,61240800
2017-01-18,195.7715606689453,195.81473233589497,195.03768185323028,195.59024493741396,54793300
2017-01-19,195.04632568359375,195.98740742972183,194.6146353588587,195.84926336401224,66608800
2017-01-20,195.76292419433594,196.25504429133156,195.09811743607892,195.72838159242662,129168600
2017-01-23,195.25352478027344,195.8233591595471,194.49375878205151,195.7629293658233,75061600
2017-01-24,196.5054473876953,196.91986642396435,195.35714950619618,195.46938003580726,95555300
2017-01-25,198.20631408691406,198.20631408691406,197.29111947648914,197.45516391773648,84437700
2017-01-26,197.9990692138672,198.32715804870278,197.72278110576516,198.05949900367568,59970700
2017-01-27,197.6883087158203,198.2236006120313,197.5069929457979,198.0768274525588,59711100
2017-01-30,196.4622802734375,197.0234724569335,195.4780268056416,196.99757208995024,79737300
2017-01-31,196.44497680664062,196.5054197691345,195.40029371164522,195.97011486612374,75880800
2017-02-01,196.52272033691406,197.36020071083536,195.93562775576842,196.4450192319056,79117700
2017-02-02,196.65223693847656,196.93715416661635,195.83202786154703,196.5227219216068,69657600
2017-02-03,198.00772094726562,198.18903668573455,197.24795491128205,197.55877248141195,80563200
2017-02-06,197.65374755859375,197.9991077609571,197.31702959512992,197.6019468217754,57790100
2017-02-07,197.66236877441406,198.2840038984072,197.47242397685267,198.0422583695369,57931200
2017-02-08,197.92135620117188,198.05085801020482,197.11840546274374,197.6623394089647,51566200
2017-02-09,199.0955810546875,199.39775637450677,197.92138285613618,197.92138285613618,65955200
2017-02-10,199.8812255859375,200.1057129594876,199.1128174264858,199.44090624989494,66015900
2017-02-13,200.9691162109375,201.22813303898968,200.34748109326944,200.37338145866036,55182100
2017-02-14,201.77206420898438,201.7807064473189,200.44246374570403,200.78781075134617,71109000
2017-02-15,202.8253631591797,203.01530793966828,201.50439193296327,201.55619265961616,86785800
2017-02-16,202.65269470214844,203.03258427254195,201.90155779877912,202.85126855062055,84722400
2017-02-17,202.97215270996094,202.97215270996094,201.9706279997756,201.98789930143897,77204100
2017-02-21,204.18092346191406,204.35359698144185,203.3348008201812,203.34344305935187,88946100
2017-02-22,203.9996337890625,204.22410807573812,203.61111502690798,203.77515950238688,62115200
2017-02-23,204.13771057128906,204.53485826860089,203.37793142979874,204.5176001420342,74615900
2017-02-24,204.396728515625,204.4398870064227,203.24843073375635,203.29160239869657,82381600
2017-02-27,204.71615600585938,204.88882947535308,204.0599915521268,204.31036610677148,56515400
2017-02-28,204.16363525390625,204.57805430129002,203.7751165736,204.3363087591375,96961900
2017-03-01,207.02142333984375,207.48765629569718,205.80405339018023,205.82132469295286,149158200
2017-03-02,205.7177276611328,206.8401252309685,205.66592692584172,206.83148299232383,70246000
2017-03-03,205.84718322753906,206.0112276351819,205.25144855731665,205.63133809624927,81974300
2017-03-06,205.23419189453125,205.58816790002123,204.6298149833005,205.05287618633375,55391500
2017-03-07,204.62120056152344,205.28600730695996,204.4139844764914,204.9320181020003,65103700
2017-03-08,204.24131774902344,205.17377040129966,204.1031736877656,204.91475357997692,78168800
2017-03-09,204.50038146972656,204.82847039692095,203.53339916744304,204.36223737678725,90683900
2017-03-10,205.2169647216797,205.50188193917324,204.26724066336786,205.45871026849647,81991700
2017-03-13,205.32058715820312,205.36375883328833,204.82846694983928,205.15654269736663,57256800
2017-03-14,204.53485107421875,204.82841047937762,203.9218582491036,204.7765965790729,59880800
2017-03-15,206.3048553466797,206.72791671381663,204.87163994697156,205.10475646960998,96081800
2017-03-16,205.89906311035156,206.52069838138894,205.57098734307644,206.44299726604586,78344000
2017-03-17,205.53738403320312,206.3524945415205,205.53738403320312,206.16172343398011,89002100
2017-03-20,205.3119659423828,205.82357343423274,204.92175706269143,205.53741672740404,52537000
2017-03-21,202.67587280273438,206.04036769204072,202.54580758029502,205.91896907394496,131809300
2017-03-22,203.1527862548828,203.4389429554005,202.086211812194,202.7105512985133,97569200
2017-03-23,202.93600463867188,204.07195161988832,202.56314220179587,203.15278881772713,100410300
2017-03-24,202.78857421875,203.811789098104,202.00815653895305,203.23948897426524,112504900
2017-03-27,202.58042907714844,202.84057267880831,200.83748943949763,201.11496624486915,87454500
2017-03-28,204.0546112060547,204.4794997138661,202.1642463510937,202.27697835428734,93483900
2017-03-29,204.24533081054688,204.47946137656947,203.5429523439323,203.7684163080479,61950400
2017-03-30,204.89572143554688,205.09517239970486,204.01125154367315,204.18467623434705,56737900
2017-03-31,204.41885375976562,205.08653963367206,204.3668144323098,204.55758560527133,73733100
2017-04-03,204.0633087158203,204.67030184137948,202.8319760235552,204.47086407829386,85546500
2017-04-04,204.19334411621094,204.28006307781868,203.39557994895193,203.77712220969664,56466200
2017-04-05,203.58636474609375,205.84959218884566,203.37824716313773,204.86972342901407,108800600
2017-04-06,204.15870666503906,204.67898084784588,203.28288995874092,203.72513823030408,69135800
2017-04-07,203.9505615234375,204.6442735716667,203.4649670591141,203.90720203952503,74412300
2017-04-10,204.0719451904297,204.869709356444,203.5429912809418,204.08929162901535,67615300
2017-04-11,203.82911682128906,203.93316897398722,202.33764088583106,203.6903717967223,88045300
2017-04-12,202.93600463867188,203.7424486651146,202.7105538557787,203.55167752902952,81864400
2017-04-13,201.61793518066406,203.33487525261768,201.61793518066406,202.59780381684874,92880400
2017-04-17,203.40426635742188,203.40426635742188,201.93880318650014,202.13824092689617,68405400
2017-04-18,202.7972869873047,203.33492082138852,202.1122547107801,202.66722175488167,83225800
2017-04-19,202.42442321777344,203.73379506455018,202.1989591743911,203.3609325796608,68699900
2017-04-20,204.0719451904297,204.51419336990097,202.71921407277694,203.0400504136045,92572200
2017-04-21,203.421630859375,204.04597045109915,203.0227553172202,203.99394435703186,110389800
2017-04-24,205.6588134765625,205.8669310518589,203.39558611710683,205.66748008040375,119209900
2017-04-25,206.8555145263672,207.20236400113632,206.21382844343898,206.30054742786095,76698300
2017-04-26,206.72537231445312,207.70524096418976,206.68202606706552,206.82075787532534,84702500
2017-04-27,206.89883422851562,207.2023241527077,206.36120044512217,207.04624588851578,57410300
2017-04-28,206.44790649414062,207.18496474801913,206.31782805066376,207.15895170561492,63532800
2017-05-01,206.96820068359375,207.3931024699073,206.55197873322894,206.96820068359375,66882500
2017-05-02,207.0462646484375,207.22835597316018,206.6387092797332,207.1069573461924,57375700
2017-05-03,206.7947540283203,207.1416166430293,206.11838846895753,207.0462310779163,73137700
2017-05-04,207.03758239746094,207.1763274642226,206.18779201859695,207.09828832596585,61462700
2017-05-05,207.85267639160156,207.8700228314147,206.96819320152605,207.4104414122922,62001300
2017-05-08,207.81796264648438,208.04341340123818,207.3930609452455,207.89600176565438,48385700
2017-05-09,207.627197265625,208.27754973957022,207.28033467398123,208.07811201903442,51363200
2017-05-10,208.0000762939453,208.0000762939453,207.37573681053132,207.58385438215467,54293800
2017-05-11,207.57522583007812,207.73998395055054,206.49130475482116,207.54921278278863,62358300
2017-05-12,207.2283477783203,207.61855669018183,206.95953748862587,207.3237333551271,53912700
2017-05-15,208.3730010986328,208.49439973617982,207.63592943615947,207.65327587908308,61918900
2017-05-16,208.18222045898438,208.69382803457566,207.7920115154225,208.6678149871021,51241800
2017-05-17,204.4881591796875,208.18215632905066,204.4274532666438,208.18215632905066,172174100
2017-05-18,205.3119659423828,206.16175622749276,204.14999267577213,204.41013633938513,107047700
2017-05-19,206.64736938476562,207.31506842781548,205.74555293157917,205.79757902272064,115011400
2017-05-22,207.69654846191406,207.861306522099,207.08955552816983,207.15891480792322,61010600
2017-05-23,208.1561737060547,208.32093180101464,207.68791246443632,208.06945474087902,48341700
2017-05-24,208.64178466796875,208.7458368492494,208.05212476731114,208.39032081938808,46927700
2017-05-25,209.6389923095703,209.91648244236814,208.94529344049135,209.15339780863192,64071700
2017-05-26,209.59561157226562,209.76035642612135,209.37014756859512,209.44818669380922,46629900
2017-05-30,209.41351318359375,209.66497700491354,209.11868988095512,209.2747681359558,35201900
2017-05-31,209.3614501953125,209.74299239333598,208.6677383108565,209.70829952181367,91796000
2017-06-01,211.02635192871094,211.0436983645666,209.53487600001444,209.8210326500909,68962000
2017-06-02,211.72877502441406,211.88486651709152,210.78359915869203,211.0784224730804,88666100
2017-06-05,211.5726776123047,211.84148785882437,211.373226654634,211.55533117436477,44698800
2017-06-06,210.89633178710938,211.5640175484556,210.81827942481334,211.00905056561416,50375400
2017-06-07,211.28659057617188,211.51204141788685,210.56686532615214,211.23456447665762,54144300
2017-06-08,211.3905487060547,211.86747645846782,210.86159487727897,211.3818821038122,65950700
2017-06-09,211.0697479248047,212.45715870988985,209.80372251735164,211.65939453138827,132256400
2017-06-12,211.02635192871094,211.07837800482417,210.17656181213624,210.826914226459,86108100
2017-06-13,212.05828857421875,212.11031466064384,211.21716489312982,211.56401429026786,60067000
2017-06-14,211.7894744873047,212.33576161637254,210.96568402890944,212.32709501261013,78602300
2017-06-15,211.3819122314453,211.50331083741182,210.15924633684702,210.43672319414657,66464900
2017-06-16,211.42811584472656,211.5936774103937,210.54804151184246,211.5413976098634,84553100
2017-06-19,213.18826293945312,213.24925160382472,212.1600448487952,212.25589557507703,65123800
2017-06-20,211.7505340576172,212.83974097731274,211.73311632000974,212.83103210850902,56906400
2017-06-21,211.69821166992188,212.25588496879118,211.22768022549286,212.14261651319507,55977600
2017-06-22,211.6023712158203,212.20361547108342,211.428100794464,211.7069441054188,44148100
2017-06-23,211.85508728027344,212.18619711182996,211.27998288906974,211.66338581653886,66986800
2017-06-26,211.99449157714844,212.9442900095876,211.7853723814404,212.5260250262087,56700500
2017-06-27,210.2865753173828,212.07287672157423,210.26914428967962,211.77660243453377,82247700
2017-06-28,212.16876220703125,212.3691725225431,211.0708333133998,211.30610569003233,70042600
2017-06-29,210.3040313720703,212.36916298537918,209.09283407414108,212.31688319202655,106949700
2017-06-30,210.69618225097656,211.4891280533793,210.5044807757587,211.11443397145985,86820700
2017-07-03,211.05343627929688,212.07293228339097,211.05343627929688,211.6372495485141,39153800
2017-07-05,211.54141235351562,211.75053157021162,210.60904485913684,211.41942171178204,54427600
2017-07-06,209.60691833496094,210.896535211547,209.4239257780501,210.77454460559937,65400800
2017-07-07,210.96630859375,211.11443913804672,209.61568936565516,210.1820849366538,57972300
2017-07-10,211.1928253173828,211.56751934898887,210.66129189764914,210.96627510253822,36663300
2017-07-11,211.03607177734375,211.34976397718762,209.86844487080833,211.19291122927265,50354600
2017-07-12,212.6218719482422,212.78743350586683,212.00320994404407,212.00320994404407,59610400
2017-07-13,212.9791259765625,213.09240773141693,212.4040216309671,212.63058514067592,39471600
2017-07-14,213.9724884033203,214.3297514132089,212.88328163852415,212.97913236566546,60262700
2017-07-17,213.94635009765625,214.2774732113337,213.77207967318748,213.89407029991375,33531900
2017-07-18,214.05963134765625,214.11191114527443,213.19697479901293,213.53680677951223,42742500
2017-07-19,215.21853637695312,215.22724524405382,214.36458874579398,214.37331090887497,51034300
2017-07-20,215.31436157226562,215.5931915422144,214.76539720245756,215.4712009373658,47135200
2017-07-21,215.1226806640625,215.14882056073847,214.51271428567716,214.739277784842,82340800
2017-07-24,215.0704345703125,215.2098429424349,214.59988976445536,215.04428137355856,46622300
2017-07-25,215.59323120117188,215.9243543163771,215.3666809779153,215.81978142442844,54915600
2017-07-26,215.60191345214844,215.9156054973058,215.34051449450024,215.8807567349459,47575400
2017-07-27,215.4015350341797,216.09863004837075,214.07705583681485,216.06378128085285,70766600
2017-07-28,215.1488494873047,215.27954898825683,214.46918549038995,214.92228595767858,50088400
2017-07-31,215.02684020996094,215.6455021888008,214.8177077305891,215.5496514644196,65838700
2017-08-01,215.50608825683594,215.662927640322,214.98326371992184,215.6280788759852,55050400
2017-08-02,215.61068725585938,215.75010893065112,214.67831976367006,215.63682715788497,47211200
2017-08-03,215.1923828125,215.52349258904115,214.91353953122382,215.49735269341895,40856000
2017-08-04,215.58453369140625,215.91564352807455,215.20113075801802,215.6803844247533,60191800
2017-08-07,215.98533630371094,215.98533630371094,215.54965360600968,215.6542264947249,31995000
2017-08-08,215.45379638671875,216.8915572233861,215.07911566005964,215.67163772900346,61719400
2017-08-09,215.44503784179688,215.49731762453357,214.40811116426158,214.76537407426537,62632600
2017-08-10,212.4040069580078,214.73927294426474,212.35172716583438,214.6085601678515,120479500
2017-08-11,212.7176971435547,213.31023247361526,212.3952962306565,212.6305685893555,74869900
2017-08-14,214.826416015625,215.0442573617208,213.96377279451312,213.99862155965698,73291900
2017-08-15,214.80029296875,215.2272668271467,214.49532303787947,215.20983579521703,55242700
2017-08-16,215.17501831054688,215.7239828802993,214.74804439007457,215.3231488635311,56715500
2017-08-17,211.82020568847656,214.87870666228795,211.82020568847656,214.56501459564012,128490400
2017-08-18,211.4890594482422,212.77867625738205,211.04465467440602,211.6546076722439,136748000
2017-08-21,211.65464782714844,211.91606010323903,210.72229377413484,211.42809761239295,65469700
2017-08-22,213.86790466308594,214.02474403743867,212.2210247524849,212.23845578162837,63140100
2017-08-23,213.10113525390625,213.52810911682874,212.75259438750788,212.90072492052627,50203800
2017-08-24,212.60446166992188,213.64137539039606,212.39532917464268,213.4845359909229,50741700
2017-08-25,213.10113525390625,214.01607164817918,212.95300472088786,213.39739631994303,64445900
2017-08-28,213.10987854003906,213.6588297942259,212.69161350372713,213.6326898914543,40565600
2017-08-29,213.3538360595703,213.61523505816322,211.68080269268597,211.79408445606398,51135700
2017-08-30,214.3646240234375,214.63475849977831,213.1534264981007,213.33641910517255,62030800
2017-08-31,215.6542510986328,215.8982323735028,214.39948265874023,214.98329594474924,103803900
2017-09-01,215.9591827392578,216.3861565425385,215.81105222693105,216.02889356199628,62007000
2017-09-05,214.40817260742188,215.68037196782498,213.4409564616852,215.4538084497364,91398800
2017-09-06,215.1400909423828,215.47121401677666,214.55627777688488,215.0878111508426,57916900
2017-09-07,215.11395263671875,215.46250674286236,214.7044098719873,215.44507571356027,58034700
2017-09-08,214.86129760742188,215.32312023944576,214.61731634129535,214.82643554312847,63832800
2017-09-11,217.15298461914062,217.2314043167902,216.1160576302813,216.13347536577143,71364800
2017-09-12,217.8848876953125,217.91973645576547,217.33592332233192,217.5189158786517,56896000
2017-09-13,217.9894561767578,218.0243182346136,217.48406270568398,217.5973444497462,59228000
2017-09-14,217.91976928710938,218.12019290184045,217.49280875133618,217.66707917181387,95446300
2017-09-15,218.21319580078125,218.30075678462822,217.67027227023482,217.77535079563884,95432400
2017-09-18,218.6773223876953,219.02759306616338,218.29201662419848,218.5809959468211,46235200
2017-09-19,218.8961639404297,218.98373825864107,218.57216301458448,218.9224335635001,47108100
2017-09-20,218.97500610351562,219.08885006210673,217.9767201891611,218.98377155384847,59574100
2017-09-21,218.3883056640625,218.90495950301064,218.21317035482198,218.81739852937417,48211400
2017-09-22,218.43206787109375,218.59845107254785,218.06427975512648,218.09054938041226,51214000
2017-09-25,217.98548889160156,218.52842573690629,217.24116046476377,218.17814174606968,57064400
2017-09-26,218.11680603027344,218.65972940317045,217.88036605480062,218.414537340445,54082000
2017-09-27,218.96624755859375,219.35155322680205,217.93292659731088,218.81738188896173,81001400
2017-09-28,219.2289581298828,219.30776700909294,218.59846037226853,218.68602133962423,44778800
2017-09-29,219.99949645996094,220.0783186797669,219.0362459084111,219.220133243378,85578000
2017-10-02,220.9540557861328,220.9540557861328,220.05208300305776,220.22723165186667,59023000
2017-10-03,221.42689514160156,221.4531647632962,220.87520636208524,220.95402858913346,66810200
2017-10-04,221.68960571289062,221.93479775778118,221.16418655271696,221.27803048854625,55953600
2017-10-05,223.00315856933594,223.02066274400573,221.72464563427442,222.0223769472458,63522800
2017-10-06,222.7492218017578,223.0382010543097,222.29387270255486,222.55656896672323,80646000
2017-10-09,222.38140869140625,223.03817600199042,222.11869909477954,222.97688466789108,35803100
2017-10-10,222.96815490722656,223.34470850712148,222.40771391363535,222.9506507300908,43057400
2017-10-11,223.31838989257812,223.31838989257812,222.70540977810776,222.87177959620632,47674300
2017-10-12,222.9856414794922,223.3534295777759,222.74920150132218,223.0031590161625,47065100
2017-10-13,223.25711059570312,223.53733774388797,222.98564889712773,223.42349379469215,54800400
2017-10-16,223.55482482910156,223.74747763825945,223.14326294986222,223.4847814093758,38221700
2017-10-17,223.7124481201172,223.7562352773911,223.28335535797586,223.50227778238104,31561000
2017-10-18,223.93141174316406,224.13281666932104,223.73875890528632,224.08902950399124,40888300
2017-10-19,223.99267578125,224.02771085402995,222.73169376244084,223.1520211020439,61903800
2017-10-20,225.14857482910156,225.17487117611148,223.97516715360754,224.78956555498408,89176400
2017-10-23,224.27288818359375,225.4988752080291,224.1940793132681,225.4726055845872,63915300
2017-10-24,224.6669464111328,224.90337300858928,224.3079104286724,224.7019814816952,66935900
2017-10-25,223.55482482910156,224.44803209320048,222.42519095900735,224.33418815270767,103715300
2017-10-26,223.8438262939453,224.43928895455974,223.72123025429138,224.1678406117184,69798000
2017-10-27,225.67401123046875,225.8316557049051,223.8525882021322,224.58816442841805,85562500
2017-10-30,224.8333282470703,225.57766982948021,224.53559695889206,224.58813620245712,54285700
2017-10-31,225.18360900878906,225.43756651350975,224.88587770708503,225.209878631765,60304800
2017-11-01,225.48133850097656,226.30448897952348,225.11356378226472,225.96298388357675,54202700
2017-11-02,225.5689239501953,225.7090375198339,224.34296362077094,225.41130620582592,56449500
2017-11-03,226.32203674316406,226.36581054305816,225.31497210628373,225.72654737622838,59589700
2017-11-06,226.67233276367188,226.80368090203288,226.1206438586212,226.1906872911022,49652600
2017-11-07,226.51467895507812,227.1101415701888,226.00676393565465,226.77737519000038,57502200
2017-11-08,226.89996337890625,226.99630315000863,226.05930868277113,226.33953582279315,50469600
2017-11-09,226.07684326171875,226.26949608312867,224.49182016688687,225.69153761889893,95085500
2017-11-10,226.00674438476562,226.18189300884933,225.37624675156357,225.6915089301286,59984700
2017-11-13,226.2169647216797,226.44465265198207,225.28873554666524,225.32377062608148,50228600
2017-11-14,225.69154357910156,225.7966220801126,224.6319396713987,225.41131642711738,61315200
2017-11-15,224.56190490722656,225.2449419140767,223.8525982741104,224.7195226648228,80811500
2017-11-16,226.4709014892578,226.83870297952345,225.46386352096016,225.50763732326016,67777000
2017-11-17,225.80535888671875,226.4446220610121,225.7265500116303,226.12062111100445,75756800
2017-11-20,226.190673828125,226.38332666089917,225.80536816257666,226.05058697150102,48075500
2017-11-21,227.67054748535156,227.85446155625675,226.15562146799138,226.96124099451092,69176800
2017-11-22,227.46917724609375,227.8106823510006,227.3027940562393,227.67933423372872,45033400
2017-11-24,227.9945526123047,228.09965782216804,227.81943071038896,227.9595442662785,27856500
2017-11-27,227.8807830810547,228.33613219002166,227.6793647915844,228.0384008429355,52274900
2017-11-28,230.1925048828125,230.21877450003032,228.2484730369233,228.3448127826712,98971700
2017-11-29,230.05245971679688,230.85810609077183,229.60587609137826,230.3239214166953,77512100
2017-11-30,232.06655883789062,232.97725697448604,230.893137731025,230.97194660492661,127894400
2017-12-01,231.5849151611328,232.32925682992754,228.34487896157293,231.84763813337713,164390900
2017-12-04,231.30470275878906,233.6340139703488,231.25213678791715,233.20493454568205,94040600
2017-12-05,230.4728240966797,232.18916879696056,230.34147595807508,230.4728240966797,77994500
2017-12-06,230.51657104492188,230.94567721294945,230.05245652663484,230.56911029424256,75898600
2017-12-07,231.24342346191406,231.55865897818853,230.2538896626083,231.24342346191406,77218600
2017-12-08,232.50440979003906,232.5131485158571,231.20837925182036,232.19791301203568,76563900
2017-12-11,233.2049560546875,233.2662607564171,232.4781452556727,233.2049560546875,83077500
2017-12-12,233.61643981933594,234.0893196240961,233.23989975439835,233.99297988427352,85195800
2017-12-13,233.59027099609375,234.29957764733308,233.50269666499167,233.86173271575652,102905400
2017-12-14,232.6357421875,234.0018160595599,232.58320294041542,233.8879721162332,100666700
2017-12-15,234.57301330566406,235.0395001397508,233.5872318344265,233.6400396374906,144610300
2017-12-18,236.0605010986328,236.41256208052275,235.8668635295137,235.97247913802755,83653600
2017-12-19,235.1539306640625,236.35094337129874,235.08350235155973,236.3069458213828,82382900
2017-12-20,235.03065490722656,236.17485961736992,234.73140178088948,236.12205182216493,76751500
2017-12-21,235.51475524902344,236.22771426568343,235.26830989703402,235.65558500166438,67032300
2017-12-22,235.4532012939453,235.56762716484587,234.9162860983042,235.5324130059842,78720900
2017-12-26,235.17152404785156,235.39156551824624,234.90748502759038,235.04828793137565,45244400
2017-12-27,235.28590393066406,235.64677509485375,235.01305470953724,235.3387117243966,57751000
2017-12-28,235.77005004882812,235.8140744628945,235.4003953896571,235.787670558668,45116100
2017-12-29,234.881103515625,236.36858631623545,234.6874927671906,236.35099266470596,96007400
2018-01-02,236.56214904785156,236.59736320030115,235.35632621660366,235.74360131196434,86655700
2018-01-03,238.05845642089844,238.20809643270974,236.7293974037698,236.7293974037698,90070400
2018-01-04,239.0618133544922,239.54592064726094,238.12005638885017,238.700969023856,80636400
2018-01-05,240.65493774414062,240.7781469850254,239.36109298194796,239.85398366654252,83524000
2018-01-08,241.09498596191406,241.25340933192524,240.26762810449048,240.55807094951098,57319200
2018-01-09,241.6407012939453,242.2656114264505,241.23580572818628,241.5174652016206,57254000
2018-01-10,241.27101135253906,241.53507717225054,240.2148286552677,240.88373630538212,69574300
2018-01-11,243.0314483642578,243.0314483642578,241.6583914585135,241.82562515887665,62361500
2018-01-12,244.61570739746094,244.78291419901413,242.99617857933265,243.2954586087151,90816100
2018-01-16,243.77947998046875,246.525592497555,243.08414159937195,245.8742785150605,106555100
2018-01-17,246.1031494140625,246.49042451957706,243.77952564150394,244.71249925191754,113258800
2018-01-18,245.6895751953125,246.4112909749268,245.19665747333914,245.98882844257452,100728000
2018-01-19,246.80723571777344,246.80723571777344,245.689435090967,246.2703207417015,140920100
2018-01-22,248.81407165527344,248.81407165527344,246.54322885390033,246.5960635134814,91322400
2018-01-23,249.34217834472656,249.63262124165695,248.5324139857364,248.8580710358043,97084700
2018-01-24,249.245361328125,250.58323062359455,248.06594230116605,249.98469742589643,134816100
2018-01-25,249.3509521484375,250.20471402062026,248.5588083267436,250.10790867887582,84587300
2018-01-26,252.23800659179688,252.28203101616907,249.931975547745,250.18723125537704,107743100
2018-01-29,250.56568908691406,252.10597982452657,250.40726562900323,251.6658967566373,90118300
2018-01-30,247.99554443359375,250.61842153870128,247.52024734225674,248.7348805420454,131796400
2018-01-31,248.11875915527344,249.35098602984448,247.04495569446198,248.84931188627255,108364800
2018-02-01,247.8369903564453,249.1396449698331,247.04484677635952,247.38812421535775,90102500
2018-02-02,242.441650390625,246.64884132023326,242.40643624202914,246.51679497813015,173174800
2018-02-05,232.30218505859375,242.79377465444557,231.75648648531626,240.68138181637397,294681800
2018-02-06,236.8790740966797,237.38077515096407,227.6989493872479,228.79034660524135,355026800
2018-02-07,235.59402465820312,239.7219781294161,235.51478608778726,236.32455055637257,167376100
2018-02-08,226.75709533691406,236.03404940738375,226.72188118769543,235.89321967103496,246449500
2018-02-09,230.1633758544922,232.0205129539918,222.6115510503879,229.5472489990059,283565300
2018-02-12,233.54319763183594,235.0130863835661,230.3041938305799,232.2141386358816,143736000
2018-02-13,234.1240997314453,234.66979822260853,231.75645161163467,232.33736425528434,81223600
2018-02-14,237.28390502929688,237.64477624611936,232.62782022560052,232.63663047934952,120735700
2018-02-15,240.3116912841797,240.32050153842815,236.56217600658562,239.02665660887322,111200300
2018-02-16,240.38204956054688,242.32723516288615,239.6427135708152,239.68673797361885,160420100
2018-02-20,238.87701416015625,240.87500789598906,238.08487024125643,239.43152296154543,86369700
2018-02-21,237.68885803222656,241.79924577082676,237.59205264879805,239.31717078162166,98883700
2018-02-22,237.99681091308594,240.3292447538347,237.32790321531238,238.6129376757864,110511300
2018-02-23,241.7903289794922,241.7903289794922,238.74496296365007,239.22025999611984,92766400
2018-02-26,244.59808349609375,244.69491570673415,242.2744596276138,242.8641557031754,86491400
2018-02-27,241.54385375976562,245.49581580776734,241.4822357175162,244.78285691699728,99099200
2018-02-28,239.09701538085938,243.09297531932364,238.78016861084905,242.64408220128257,121907800
2018-03-01,235.62039184570312,240.4348997734121,234.12409926408978,238.8857993934386,176855100
2018-03-02,236.8349609375,237.39827984572887,233.085473539132,233.948018684137,139083200
2018-03-05,239.57235717773438,240.18848404862402,235.54118233557838,235.64682480585518,97307400
2018-03-06,240.1796875,240.62858072756487,238.68339464847247,240.5493421552027,79213200
2018-03-07,240.09165954589844,240.44372054320368,237.8208432818271,238.01448085942482,87063500
2018-03-08,241.2534942626953,241.37670352923723,239.77482190099204,240.769386869871,66901200
2018-03-09,245.451904296875,245.451904296875,242.34491918655516,242.66179293491425,113625300
2018-03-12,245.14378356933594,246.36722699736953,244.75650844539223,245.7423167630409,71924800
2018-03-13,243.55946350097656,246.80727721513375,242.95214699439256,246.30557629916845,91968900
2018-03-14,242.30958557128906,244.7036371432696,241.7551037909438,244.51880988315452,105895100
2018-03-15,242.04554748535156,243.4626012521237,241.54384663131088,242.8200975349884,83433000
2018-03-16,242.3080596923828,243.35965403873402,242.2550403949287,242.5731561796535,100343700
2018-03-19,239.029541015625,242.4847756433966,237.3770433606268,241.5569109929973,109208400
2018-03-20,239.43606567382812,240.07232421525157,238.75560640551987,239.42722013482984,59757300
2018-03-21,238.97653198242188,241.4862109901256,238.76445478878995,239.3918677986891,78709600
2018-03-22,233.00277709960938,237.59795331535972,232.72880812684755,236.74961765474657,148785900
2018-03-23,228.03643798828125,233.771610570164,227.84202490130033,233.44464923481146,183534800
2018-03-26,234.2752685546875,234.55805609934146,229.23824688504877,231.6418870783982,141956100
2018-03-27,230.28990173339844,235.74226061596968,228.73459679677995,235.21206754040583,129941400
2018-03-28,229.609375,232.09257102680974,228.50476146968228,230.4223824242795,146452300
2018-03-29,232.5432586669922,234.40786051928043,229.61824389857856,230.7493671899762,111601600
2018-04-02,227.52386474609375,232.52555776498752,225.04952788115273,232.01300201373746,186286300
2018-04-03,230.4401092529297,230.91730997897946,226.9672098407095,228.76110162347888,119956900
2018-04-04,232.9055938720703,233.6125358728964,226.7551121669355,226.88766042107682,123715300
2018-04-05,234.74366760253906,235.6273585175287,233.57718912240716,234.66411168825624,82652600
2018-04-06,229.51223754882812,234.27531822190647,227.992287884209,232.78190517782255,179521200
2018-04-09,230.6433563232422,234.03672660538797,229.70664599907167,230.970317685891,105442900
2018-04-10,234.3106231689453,235.09712096907836,232.39302912916128,233.5329709070938,103529000
2018-04-11,233.0823516845703,234.7436951143563,232.75539032260153,232.82607373811788,91140200
2018-04-12,234.99993896484375,235.94549479836687,234.23113211691503,234.4078811025094,68890500
2018-04-13,234.3106231689453,236.42265724229674,233.3032296247137,236.3077731170544,85079200
2018-04-16,236.237060546875,237.0058942313891,235.1236284260523,235.94545443544874,63405300
2018-04-17,238.7644500732422,239.36535342206966,237.49193300036845,238.00446186422565,64682000
2018-04-18,238.94119262695312,239.74532760470183,238.48165610469013,239.20628910663888,57303900
2018-04-19,237.61570739746094,238.49055293668692,236.5817769681026,238.28729427980818,77655900
2018-04-20,235.60086059570312,237.76591448025806,234.71716953557635,237.5449917152264,99953100
2018-04-23,235.56552124023438,236.73199985683402,234.487417119094,236.175270200361,65558000
2018-04-24,232.39306640625,236.81152135905498,230.89078093505276,236.59059861141472,112885500
2018-04-25,232.9674835205078,233.40932906010042,230.51082339909723,232.33122486476995,103840900
2018-04-26,235.3357391357422,236.16641080171698,233.5506930918964,233.99253857515498,67731900
2018-04-27,235.5566864013672,236.24596434828754,234.61997603678594,235.9455126245644,57053600
2018-04-30,233.7451629638672,236.73204347115583,233.6744525672285,236.17531371211373,82182300
2018-05-01,234.16049194335938,234.26653056705342,231.62427567547851,233.17958073796163,74203400
2018-05-02,232.58741760253906,234.77895341628965,232.19859151272493,233.96597302347948,86368900
2018-05-03,232.07493591308594,232.72885865092718,228.92015243741184,231.75682008433407,136311500
2018-05-04,235.07945251464844,235.75991179330262,230.77588198168894,231.10284331231682,91222100
2018-05-07,235.874755859375,236.84679414699679,235.15894151389875,235.84824621458716,55304900
2018-05-08,235.874755859375,236.23704534877436,234.31060591258597,235.50359386424296,67499200
2018-05-09,238.1547393798828,238.48170075541387,236.02504070064637,236.5464151870487,59666100
2018-05-10,240.38160705566406,240.7085953665572,238.7909741028311,238.89701270393888,72063900
2018-05-11,241.1150665283203,241.38016301005507,239.99276183006265,240.50531765222445,59871500
2018-05-14,241.22998046875,242.20201900063026,240.6820693919491,241.54809628614152,54790600
2018-05-15,239.56858825683594,240.01925223966236,238.6230326009291,240.00158813166456,87036100
2018-05-16,240.57601928710938,241.0355558477446,239.5774441834004,239.6039808016906,53942600
2018-05-17,240.372802734375,241.45090685639775,239.59515032267205,240.31093789069186,56536400
2018-05-18,239.77186584472656,240.3904603285665,239.4183948402933,240.028143784387,64368000
2018-05-21,241.57455444335938,242.11361986539976,240.86761257666436,241.25643869377768,58025900
2018-05-22,240.9029541015625,242.35222006688994,240.57599279594973,242.0959421646103,52966400
2018-05-23,241.56582641601562,241.5923630428265,239.47148247482383,239.63056739510571,64694200
2018-05-24,241.07083129882812,241.44199328823933,239.28578565172222,241.16805130695334,76043800
2018-05-25,240.49649047851562,241.12390351193636,239.9927801566488,240.49649047851562,56374800
2018-05-29,237.73048400878906,239.630440760924,236.61705196391603,238.87045266644952,115908600
2018-05-30,240.9029541015625,241.34479953468355,238.967695915149,239.03837931848213,69678400
2018-05-31,239.42726135253906,240.79697172773785,238.82635789555584,240.49651999924623,93519900
2018-06-01,241.7778778076172,242.0783295298531,240.6555729092625,240.72628329573612,71258400
2018-06-04,242.9266357421875,243.18291366768244,242.3610875599762,242.5996744069565,45385200
2018-06-05,243.10342407226562,243.48340476833687,242.29041640409955,243.0592233369313,51135000
2018-06-06,245.1359405517578,245.24197918391565,243.09461597837137,243.7132106234468,62732200
2018-06-07,245.10934448242188,245.91350645027276,244.19914391979617,245.6219003146421,72969400
2018-06-08,245.83396911621094,245.8869884117893,244.48192314275175,244.6498265681184,72139700
2018-06-11,246.16091918945312,246.87670661518612,245.9399964785947,246.05488060313778,58892500
2018-06-12,246.4790496826172,246.84133917851108,245.83394569041246,246.57624272588066,72329000
2018-06-13,245.69261169433594,246.9739744526654,245.48935305247187,246.71769650737758,79070600
2018-06-14,246.31118774414062,246.84138073866893,245.71910294277393,246.55862013095637,77097600
2018-06-15,245.99696350097656,246.33427828335442,244.4169314328949,245.52650527534564,120041600
2018-06-18,245.490966796875,245.61525205762882,244.06184883342064,244.54116518123627,52917600
2018-06-19,244.55007934570312,244.77199411824915,242.80138985447235,243.21859071042707,97531500
2018-06-20,244.96730041503906,245.63304478761074,244.62998559866284,245.2335873283846,53785500
2018-06-21,243.431640625,244.97618599202502,242.9345536599736,244.95841547164042,71061400
2018-06-22,243.87550354003906,244.80756204376263,243.65358871856367,244.69216200232157,54898500
2018-06-25,240.55557250976562,242.8812345960676,238.86902594322004,242.72146248842876,137854200
2018-06-26,241.0881805419922,241.94032556422917,240.36917894679195,241.1236944856026,68547400
2018-06-27,239.09097290039062,243.10318209396516,238.94005894114787,241.6740640121467,105110700
2018-06-28,240.45790100097656,241.2212745524036,238.32749824801596,239.03764152873492,76650500
2018-06-29,240.8040771484375,242.91670941765506,240.68867717066058,241.5497072865384,97592500
2018-07-02,241.31903076171875,241.47883001455816,238.99336786041863,239.2330531950725,63554800
2018-07-03,240.4668426513672,242.31318873303871,240.0407836242166,242.2155321465129,42187100
2018-07-05,242.4285430908203,242.49068572392176,240.52008160667532,241.594168530159,56925900
2018-07-06,244.47903442382812,244.85183600448178,242.07345921926444,242.4551731469632,66493700
2018-07-09,246.68040466308594,246.7336620303323,245.43768761200442,245.48205972164303,50550400
2018-07-10,247.568115234375,247.6657718208399,246.840228277839,247.13317094802807,51966800
2018-07-11,245.7572784423828,246.804736738426,245.45547760766024,246.01470715904813,77054700
2018-07-12,247.9853057861328,248.03856316228035,246.41415901137128,247.01776066717977,60124700
2018-07-13,248.18052673339844,248.48232748210316,247.35501053054168,247.80772519819746,48216000
2018-07-16,247.95863342285156,248.36694893113057,247.5148039736614,248.22494734588554,48201000
2018-07-17,248.96177673339844,249.35234894826192,247.1332009498144,247.18645833464043,52315500
2018-07-18,249.48544311523438,249.5919578638405,248.5977840912453,249.04161360323985,44593500
2018-07-19,248.54458618164062,249.201445348002,248.06524260902577,248.81975837777637,61412100
2018-07-20,248.260498046875,248.97064160173855,248.10072590548324,248.3403841175709,82337700
2018-07-23,248.72207641601562,248.9262206602363,247.71013209713192,248.05633212913037,47047600
2018-07-24,249.97360229492188,250.81688906019508,249.10371393621796,250.13340147989928,68026900
2018-07-25,252.1041259765625,252.42367032112602,249.68080634010803,249.72517846933786,78882900
2018-07-26,251.50933837890625,252.1928261670429,251.28742359311036,251.3850801852483,57919500
2018-07-27,249.80503845214844,251.9354148965734,248.88186539352202,251.83775830816563,76768700
2018-07-30,248.5001983642578,250.04471666945543,247.97645560936985,249.88494451840913,63742500
2018-07-31,249.72506713867188,250.33755394857604,248.8818074347574,249.26349426145134,68570500
2018-08-01,249.3079376220703,250.435282087603,248.65996377509936,249.92930986712963,53853300
2018-08-02,250.66595458984375,250.83458482165605,247.79880722193272,248.00297847609647,63426400
2018-08-03,251.74017333984375,251.79343072868474,250.61282873455073,250.79037142349466,53935400
2018-08-06,252.6632080078125,252.97386690929056,251.38497719815572,251.77554922828398,39400900
2018-08-07,253.4976043701172,253.8793182662785,253.19580360955138,253.3289741094115,43196600
2018-08-08,253.3911590576172,253.79061648823114,252.9295860778104,253.32904350842435,42114600
2018-08-09,253.0450439453125,253.84393189997337,252.9119004677377,253.45335963961256,35717000
2018-08-10,251.34951782226562,252.14840547941606,250.63937439097478,251.6069465091837,77076000
2018-08-13,250.40866088867188,252.23723663812476,250.1157181883877,251.62474963484885,65732900
2018-08-14,252.0064697265625,252.24615507453876,250.74600869114946,251.13658095009174,43842000
2018-08-15,250.12457275390625,250.79920231859953,248.68656938849597,250.65717361607437,102925400
2018-08-16,252.1483917236328,253.0183072210557,251.5270196413021,251.5625335832297,69967900
2018-08-17,253.03607177734375,253.4799012762992,251.5359259037381,251.94424145780033,65618500
2018-08-20,253.57766723632812,253.84395421488645,253.03618092764017,253.48889588040385,39807500
2018-08-21,254.1722869873047,255.03331734212685,253.61305745623818,254.0924009241815,67272000
2018-08-22,254.0214385986328,254.54515426235224,253.49769584570512,253.76400985232723,44993300
2018-08-23,253.68406677246094,254.7048691787767,253.36449545416602,253.84383888700728,49204900
2018-08-24,255.2108917236328,255.3529204388044,254.2078325465637,254.2610899286021,57487400
2018-08-27,257.2258605957031,257.3323753566109,256.2494301387038,256.4092022800655,57072400
2018-08-28,257.3501892089844,257.79401884697023,256.88858904838384,257.68747697891615,46943500
2018-08-29,258.7348937988281,258.9656667527116,257.32351902828185,257.5631772420402,61485500
2018-08-30,257.68731689453125,258.6282329753944,257.092600719047,258.2554314810419,61229500
2018-08-31,257.69635009765625,258.140179714729,256.7909474309434,257.27914917403945,66140800
2018-09-04,257.25238037109375,257.60743845353176,256.2493216485398,257.27900905004674,57594400
2018-09-05,256.5602111816406,257.101697535555,255.54829348938634,256.89752610879765,72452400
2018-09-06,255.787841796875,256.9684164450401,254.75815402120662,256.6666156108415,65909900
2018-09-07,255.29080200195312,256.2672325805828,254.50077227813136,254.74045760923735,73524800
2018-09-10,255.73458862304688,256.56899033274806,255.539302540155,256.30267635287424,50210900
2018-09-11,256.57781982421875,257.0216493185275,254.7403863055744,255.08655922474992,50530500
2018-09-12,256.6400146484375,257.24361638204505,255.85001207428817,256.58675726542555,59810800
2018-09-13,258.1578674316406,258.3442953348075,257.4211223455566,257.70517974058833,51034200
2018-09-14,258.2023010253906,258.5484740117114,257.4211566296206,258.36207317292326,55079900
2018-09-17,256.8352966308594,258.1845287942073,256.56012445997396,258.14904193224044,68244000
2018-09-18,258.2289733886719,258.82368995702524,257.0217426394385,257.04837133519743,61930400
2018-09-19,258.5041198730469,258.9213207912113,258.1579197734338,258.2822050674107,49080600
2018-09-20,260.5989685058594,260.9185398950375,258.5218492884304,259.7645938039797,100360600
2018-09-21,260.36083984375,261.45761269257395,260.200344464458,261.34169029247494,105479700
2018-09-24,259.4959411621094,259.9239561004905,258.9163563078542,259.78128445436346,53409600
2018-09-25,259.25518798828125,260.05769215619654,259.0144449014566,259.95069522871887,44370000
2018-09-26,258.47943115234375,260.58377660882445,258.0603417149148,259.3978577222201,79739700
2018-09-27,259.2016296386719,260.2894768364136,258.67554339223165,258.9519611282964,59249500
2018-09-28,259.22833251953125,259.7276694510108,258.5417510417024,258.57739852836386,70091400
2018-10-01,260.1290283203125,261.1990247523705,259.4602703458394,260.46784283610697,62078900
2018-10-02,259.97747802734375,260.69080911051776,259.6029887328202,259.97747802734375,47258200
2018-10-03,260.1201171875,261.44870772895086,259.763451690474,261.02961828669123,64694600
2018-10-04,258.0870361328125,259.69204411596644,256.4998518963773,259.6385456639831,111545900
2018-10-05,256.6424560546875,258.82704816805636,255.21576754916543,258.30988753086234,105951700
2018-10-08,256.6424560546875,256.99912137811305,254.5737590822715,255.95584741497794,87742200
2018-10-09,256.2679443359375,257.569785034917,255.70618351593515,256.259046070672,74339000
2018-10-10,248.1537628173828,255.8311179361839,247.7792736185123,255.7597685189888,214731000
2018-10-11,242.68789672851562,248.68886937210402,241.07393528840882,247.066009660329,274840500
2018-10-12,246.05838012695312,247.0748781744301,242.86615991682004,246.7895348863604,183186500
2018-10-15,244.6762237548828,247.03026467764224,244.58705059050632,245.70164711563956,102263700
2018-10-16,250.02626037597656,250.4007767416327,246.16531039841902,246.6378981861361,118255800
2018-10-17,250.0709228515625,250.69508066736435,247.4939622570456,250.0619973703059,110626000
2018-10-18,246.4595489501953,249.7320159328803,245.18445720758436,249.13458029309578,134557500
2018-10-19,246.32586669921875,249.04547171831402,245.6303594581884,247.11054711716747,139901600
2018-10-22,245.22015380859375,247.31557344485046,244.68514204987417,246.99458271671577,82415800
2018-10-23,243.97183227539062,245.09535446998242,239.51344542298992,241.5999944163272,146352700
2018-10-24,236.579833984375,244.1055927711054,236.02699839773905,243.72215084103613,177806700
2018-10-25,240.82421875,242.36683043885208,237.39128255040535,238.41670611178432,138061500
2018-10-26,236.5887451171875,241.64456778915647,233.87806549908413,237.11485871303157,201574600
2018-10-29,235.27798461914062,240.97581624058947,231.70237676564972,239.68287313180807,160749100
2018-10-30,238.764404296875,239.0764967726375,234.6181105812581,235.1085493894077,157116000
2018-10-31,241.3146209716797,243.6329872875862,240.8598568617764,241.3324447206018,128296300
2018-11-01,243.8826446533203,244.07881472979398,241.09169060651138,242.17953790116917,99495000
2018-11-02,242.4381866455078,245.4163859611681,240.3873122535907,244.98837100355448,122634100
2018-11-05,243.77565002441406,244.3284855509738,241.95662086296792,242.92854577447287,65622500
2018-11-06,245.31825256347656,245.47874794542096,243.65082037900277,243.71324432036943,60085900
2018-11-07,250.57028198242188,250.65052968527576,247.06596902012262,247.49398398051218,102752100
2018-11-08,250.11544799804688,250.7574566535738,248.97410230064654,249.76768083754868,65584900
2018-11-09,247.67233276367188,248.9919979503533,246.26346717939185,248.80475330853633,98812600
2018-11-12,243.04452514648438,247.40481365630885,242.52733699522076,247.16407054496352,99673600
2018-11-13,242.58975219726562,245.5055275101857,241.86749567744292,243.50817883431395,98176600
2018-11-14,240.9312286376953,244.86350176859753,239.37079328955437,244.46226329188963,125335900
2018-11-15,243.44566345214844,243.9093529433486,238.0867027743603,239.6649613893908,135101400
2018-11-16,244.07882690429688,244.98832791595154,241.8317827868211,242.3489708377892,126668000
2018-11-19,239.9503173828125,243.76669435121465,239.03189104171045,243.4724256642816,103061700
2018-11-20,235.5098419189453,238.0778773089809,234.6449137106602,236.61551324060773,136021300
2018-11-21,236.31234741210938,238.2116247297562,236.30344914168026,237.061353202817,75563700
2018-11-23,234.7340545654297,236.13399448911932,234.57355917861787,234.67163062216989,42807900
2018-11-26,238.52369689941406,238.74661624231072,236.59767051136697,236.99001073181176,79981400
2018-11-27,239.326171875,239.326171875,236.8829848828991,237.48931889071778,75502400
2018-11-28,244.8367919921875,244.8367919921875,239.2638077078852,240.39625553003134,127629600
2018-11-29,244.3017120361328,245.70162446163624,242.9195961453029,244.06094179333263,82346400
2018-11-30,245.79078674316406,246.3525476690746,243.82911345368706,244.1501041474499,98204200
2018-12-03,249.0454864501953,250.02633703065183,247.44940349982502,249.91934009675379,103176300
2018-12-04,240.9757843017578,248.64421433245005,240.6636918121923,248.21619944288898,177986000
2018-12-06,240.6102294921875,240.72615190959465,234.01182208840015,237.1148692771766,204185400
2018-12-07,235.01934814453125,241.84067276000542,234.18116946374604,240.27131230035198,161018900
2018-12-10,235.4652557373047,236.43718083040707,230.60560305995818,234.84107067737293,151445900
2018-12-11,235.51876831054688,238.85363325284783,234.04750596611032,238.66638860838694,121504400
2018-12-12,236.7046661376953,239.86121163503108,236.6244184401148,238.49694635249477,97976700
2018-12-13,236.6243896484375,238.51474108187907,235.50979307571671,237.64981305297454,96662700
2018-12-14,232.25515747070312,235.42952607242904,231.70232196988306,234.47542495361859,116961100
2018-12-17,227.69873046875,232.41569770152586,226.06695927243624,231.3011010050752,165492300
2018-12-18,227.44900512695312,230.00812775528152,225.84398356348711,229.33936990433014,134515100
2018-12-19,224.0428924560547,231.30114704380497,222.33979870538693,227.52935488192614,214992800
2018-12-20,220.3959197998047,224.3638818412325,218.14888875379222,222.79453438381344,252053400
2018-12-21,215.88009643554688,223.96103454003133,215.2343385006495,221.2972864799225,255345600
2018-12-24,210.17587280273438,216.00562100861876,210.11309801537055,214.39122646068466,147311600
2018-12-26,220.79501342773438,220.79501342773438,209.6557098934448,211.6378306042303,218485400
2018-12-27,222.49009704589844,222.68739900328913,214.31948044557623,217.5572333476557,186267300
2018-12-28,222.20315551757812,225.47677877254776,221.03720282218734,223.8444559472988,153100200
2018-12-31,224.1493682861328,224.39153092837867,221.95200404047446,223.82648932492867,144299400
2019-01-02,224.3824920654297,225.30629542099064,220.5886755710733,220.6155810033805,126925200
2019-01-03,219.0281982421875,222.93861571799158,218.5438728854129,222.63366454746293,144140700
2019-01-04,226.3646697998047,227.01042771007872,221.68293179300352,222.05962162643488,142628800
2019-01-07,228.14947509765625,229.55757659447116,225.73685369173648,226.6337381587478,103139100
2019-01-08,230.29299926757812,230.77732451103,227.80863931434865,230.33785991035955,102512600
2019-01-09,231.36927795410156,232.21235150960845,229.7728247604112,231.001552052594,95006600
2019-01-10,232.18544006347656,232.43656660303958,229.15396638327567,229.83560729240676,96823900
2019-01-11,232.27513122558594,232.3020366626938,230.5261957013551,231.10916508585217,73858100
2019-01-14,230.85801696777344,231.66520737629008,229.97011025547886,230.3736917743686,70908200
2019-01-15,233.50387573242188,233.81779076904533,231.2257815295091,231.23475913278858,85208300
2019-01-16,234.06886291503906,234.95676956958087,233.72804251854234,233.93430838009064,77636700
2019-01-17,235.8446807861328,236.70570939522244,233.15402796688343,233.1988886029791,96118400
2019-01-18,238.98379516601562,239.45019254319757,235.8805829927316,237.65642385123763,127900300
2019-01-22,235.7549591064453,237.72811522303203,234.14057855340718,237.512871781489,115531200
2019-01-23,236.2483367919922,237.4860417151032,233.78190454892763,236.78647293735455,86030300
2019-01-24,236.37388610839844,236.95688289813074,235.05546487062307,236.06894867955302,59204100
2019-01-25,238.37391662597656,239.19906225440906,236.47252622175893,238.2214342464364,96883400
2019-01-28,236.56224060058594,236.62500170748643,234.79537721909938,236.23039774840024,85613700
2019-01-29,236.2483367919922,237.27077083451346,235.41424082058828,236.70575662116138,66136300
2019-01-30,239.98829650878906,240.83136996699878,237.0016837388563,237.76404089201242,92473700
2019-01-31,242.09596252441406,242.5802876902036,239.71024710052512,239.92551793572912,104012100
2019-02-01,242.21258544921875,243.23504674650184,241.42332284164686,242.2933017562561,85782500
2019-02-04,243.9167022705078,243.9794907548244,241.58479708379406,242.2574604624186,60744800
2019-02-05,244.93905639648438,245.24399370999592,243.8448566853049,244.3471095982334,79552800
2019-02-06,244.6161346435547,245.1542705204329,243.88071056157307,244.66099526621903,58347800
2019-02-07,242.2843017578125,243.54888434571455,240.62506057645214,243.00179814236867,95482000
2019-02-08,242.5803680419922,242.67901220563638,240.2125796655961,241.03772550393722,75788900
2019-02-11,242.71482849121094,243.49511346448097,242.18567003084087,243.23503672054903,68021400
2019-02-12,245.83604431152344,246.21272046990433,244.25751884966152,244.3292849365148,72270200
2019-02-13,246.63426208496094,247.47733571210168,246.24860831551695,246.67014512908733,65277200
2019-02-14,246.0871124267578,247.2171953749836,244.73280840916888,245.54897638613906,83234400
2019-02-15,248.768798828125,248.80468186464043,247.65667103278165,247.86293690858662,97088700
2019-02-19,249.1993408203125,249.85404892766604,247.96163594512325,247.9706135479331,59120800
2019-02-20,249.70152282714844,250.15894250840327,248.66113391473954,249.1633868558014,76610800
2019-02-21,248.81369018554688,249.4235650279196,247.8540172781206,249.0648167306851,64214700
2019-02-22,250.3563690185547,250.55365734568397,248.79577127328133,249.43255164656972,78114600
2019-02-25,250.69711303710938,252.3025437474752,250.61639672707835,251.78236284814005,69030700
2019-02-26,250.5177764892578,251.39670575174057,250.14107296909248,250.34736625046182,56844100
2019-02-27,250.41012573242188,250.75989640209409,248.86748352932335,249.80022356227505,56921600
2019-02-28,249.9437255859375,250.6343440568461,249.6208603559582,250.19485211061198,69268300
2019-03-01,251.5042724609375,251.9168315177378,250.06925230642395,251.52220029097825,78880500
2019-03-04,250.58950805664062,252.80481372706458,248.29348607078518,252.56266478077004,106494600
2019-03-05,250.24871826171875,250.91243144340865,249.7016318220463,250.71511574681074,59114600
2019-03-06,248.73291015625,250.37422374811396,248.41004494713772,250.3652461465042,75039800
2019-03-07,246.65216064453125,248.42797404516844,245.80908721101667,248.28446927236416,94885100
2019-03-08,246.1589813232422,246.32939161574978,244.32935613645088,244.7957263539319,85795800
2019-03-11,249.7284698486328,249.88990245570324,246.84947887292867,246.87638430744042,65098900
2019-03-12,250.6702117919922,251.19042007076519,250.09622000970506,250.28455806959337,79667500
2019-03-13,252.32952880859375,253.262296525637,251.39676109155053,251.55822113330169,80639200
2019-03-14,252.1680450439453,252.7779199246628,251.72858040500805,252.35638312195522,67518400
2019-03-15,253.413818359375,254.22456412663388,252.53099041783403,252.7201855068536,81309000
2019-03-18,254.3326873779297,254.62997826920073,253.4048285956763,253.63003730487662,62199800
2019-03-19,254.39576721191406,256.16139589718296,253.50394946882147,255.39570823440198,90268100
2019-03-20,253.630126953125,255.38676650230929,252.52211730665212,254.17965069328343,84609200
2019-03-21,256.4947204589844,256.9000796525872,252.76525093004852,252.81030916798105,79550400
2019-03-22,251.55816650390625,255.6569546393203,251.49510145781022,255.13448245054312,122659300
2019-03-25,251.36900329589844,252.40495803609156,250.10783980821537,251.21584925143233,85575200
2019-03-26,253.24270629882812,254.19758910713398,251.83740603410251,253.125593361551,68125900
2019-03-27,251.91856384277344,253.81934045296757,250.3691261643026,253.23377556676203,72224700
2019-03-28,252.87330627441406,253.3237236339167,251.3959516307182,252.54901897139322,56238500
2019-03-29,254.46786499023438,254.79215237439305,253.260749463698,254.3867931441947,82186800
2019-04-01,257.4857177734375,257.7830087899433,256.19753001206976,256.46779707173954,77617900
2019-04-02,257.61181640625,257.8460423310676,256.81907711422633,257.67488146159405,40070400
2019-04-03,258.01715087890625,259.22426637741154,257.4135793840035,258.82789681177695,68243200
2019-04-04,258.7017822265625,258.9540149205968,257.6478206980734,258.34145373384234,48997500
2019-04-05,259.9539794921875,260.00802739640625,259.08016838557876,259.3684422022816,58621700
2019-04-08,260.1521301269531,260.2602259211894,258.87293241545575,259.5305518187939,53566300
2019-04-09,258.81884765625,259.51248056467637,258.26935161671037,259.1881932281539,66142300
2019-04-10,259.7016906738281,259.7917796584995,258.81886261012613,259.2332389500564,52601500
2019-04-11,259.62969970703125,260.197230269427,259.0621691446355,260.18821312040234,55093100
2019-04-12,261.3862609863281,261.6655176093397,259.67468015426687,261.24212410166086,69727800
2019-04-15,261.2149353027344,261.55725675136944,260.4131795423751,261.45815067826237,49596700
2019-04-16,261.3862609863281,262.15197615867913,260.7917066463132,262.0979282633414,52153200
2019-04-17,260.7467346191406,262.5303705495719,260.3323306731585,262.5033465958171,58268300
2019-04-18,261.2600402832031,261.5303071574477,260.03491842542303,261.3321224461844,68708500
2019-04-22,261.4852600097656,261.63841399412115,260.4042749408654,260.49436390276327,40160100
2019-04-23,263.8365783691406,264.07080428337645,261.62053180568597,261.8547302286173,52246600
2019-04-24,263.2509460449219,264.08871575545896,263.10680918752394,263.7554113001675,50392900
2019-04-25,263.0888366699219,263.7464560815874,261.89975542696516,263.1519017144585,57770900
2019-04-26,264.3139953613281,264.3860500637135,262.3591713542615,263.13390373424016,50916400
2019-04-29,264.7283020019531,265.2508015489559,264.3139257169919,264.4040146897125,57197700
2019-04-30,264.86346435546875,265.15173811806574,262.9717330802613,264.3860229636108,81111700
2019-05-01,262.8726806640625,265.70131599138176,262.86366351610775,265.49411402755555,71671900
2019-05-02,262.3050842285156,263.67437079078803,260.8096950831011,262.7555016521478,65030200
2019-05-03,264.87249755859375,265.1517541920076,262.4132082639191,263.7824949736138,56543700
2019-05-06,263.78253173828125,264.22393212526833,260.2512461684707,260.56654394116345,107198100
2019-05-07,259.3774108886719,261.97182004663614,257.46764511719874,261.37726565699415,144729900
2019-05-08,259.0170593261719,260.72864014867525,258.4225049894771,259.0170593261719,91568300
2019-05-09,258.2333679199219,258.8369119830217,255.20654798317443,256.9451804502703,103471100
2019-05-10,259.5304870605469,260.28718492268956,254.30562921533232,257.29640706901097,112429300
2019-05-13,253.00852966308594,255.3777303435396,252.17075962901603,254.41385769260685,127290500
2019-05-14,255.29661560058594,256.8280459897245,253.90033244501296,254.02643504069349,77003200
2019-05-15,256.79205322265625,257.43163845061366,253.45895233256329,253.66615430389857,73956400
2019-05-16,259.1701965332031,260.5304384583781,257.4225747303499,257.4946294219541,76749600
2019-05-17,257.4946594238281,259.98097268898067,256.8460571586275,256.8640914521032,100353000
2019-05-20,255.7920684814453,257.60272784879845,255.0443601554767,255.89114711983015,62877600
2019-05-21,258.0982360839844,258.4765713763025,257.2334147189398,257.48564741091906,46847100
2019-05-22,257.3055419921875,258.2604250284997,256.82810047403143,257.1433982670718,49482500
2019-05-23,254.16156005859375,255.1254324633682,252.74724273347388,255.08040171698275,98733800
2019-05-24,254.73806762695312,256.01726515912264,254.1164894059316,255.60286135091042,55268100
2019-05-28,252.36888122558594,255.97222067550697,252.3508744252037,255.01733792058175,70029400
2019-05-29,250.67527770996094,251.6571842952598,249.26997768959785,251.25182514974838,104972900
2019-05-30,251.35995483398438,252.26980685770957,250.26093518349904,251.4320095280315,62523800
2019-05-31,247.97280883789062,249.6393588730026,247.94578489099905,248.81060617412786,86862800
2019-06-03,247.34228515625,249.12592095273772,246.00903939141855,248.00889429301378,96428000
2019-06-04,252.71119689941406,252.84631662733304,249.18892937140495,249.639346792,77231900
2019-06-05,254.9001922607422,254.9272162034948,252.52200282462823,254.3326619716426,71169700
2019-06-06,256.55767822265625,257.2333041598556,254.54883469714227,255.19743669650524,69430400
2019-06-07,259.1250915527344,260.2061041708792,257.40449400602193,257.57565479541637,74272200
2019-06-10,260.3143005371094,261.98085084610926,260.2242115355655,260.67462905198147,60799100
2019-06-11,260.251220703125,262.50330815727335,259.6026184166782,262.1339625158368,58641300
2019-06-12,259.791748046875,260.5754698846852,259.2782656388976,260.0169567355007,47096300
2019-06-13,260.8638000488281,261.22415605961413,259.99900610381013,260.7016563387567,48945200
2019-06-14,260.5755615234375,261.1791056260825,259.80984621456577,260.5755615234375,52324700
2019-06-17,260.6745910644531,261.44030622903506,260.50343023385363,260.80971080142655,39205700
2019-06-18,263.4041442871094,264.458133316418,262.1339636584768,262.49431964575285,85434800
2019-06-19,263.9986572265625,264.5301464856538,262.5663331233237,263.539222658832,78674400
2019-06-20,266.5209655761719,266.92635222484796,264.06170421417744,266.68313673041985,116570000
2019-06-21,266.13360595703125,267.50952485915224,265.9163628738044,266.251288502116,83309500
2019-06-24,265.80767822265625,266.65855597161146,265.65377932523637,266.34175242545973,47582700
2019-06-25,263.2006530761719,265.8891461105345,263.09203155963263,265.8619907313997,82028700
2019-06-26,262.938232421875,264.60382743242513,262.829610864124,264.0969084129105,51584900
2019-06-27,263.87054443359375,264.3774633381139,263.3183757652805,263.69855113116637,40355200
2019-06-28,265.2283020019531,265.7261597782361,264.33214695464324,264.8480991068814,59350900
2019-07-01,267.6363525390625,268.7769343345659,266.43239894936016,268.5596635580295,78705600
2019-07-02,268.3332214355469,268.38753219550205,266.7490931451758,267.59093754948606,61504500
2019-07-03,270.47857666015625,270.4966986632992,268.867293005705,269.01213090582485,40898900
2019-07-05,270.1709289550781,270.33388893221354,267.95316494009086,269.24761800139146,51677300
2019-07-08,268.6863098144531,269.9898235013948,268.1431745073926,268.8583031221058,45841800
2019-07-09,269.0212097167969,269.31991891337793,267.47329772086357,267.52760848387834,41101300
2019-07-10,270.3066711425781,271.2571649910291,269.555353643339,270.0894280343671,58448500
2019-07-11,270.9402770996094,271.1846755452837,269.93550030905135,270.9493381022296,50826100
2019-07-12,272.1531982421875,272.2256309957451,271.1212663165027,271.42903645661926,40326000
2019-07-15,272.24383544921875,272.58782210519985,271.7369164693559,272.58782210519985,33900000
2019-07-16,271.3657531738281,272.3614966723665,271.0579829333727,272.15328696925974,36650100
2019-07-17,269.5190734863281,271.5014992547846,269.5190734863281,271.33856696217356,36036300
2019-07-18,270.5057678222656,270.88597081349883,268.5776803578232,269.0212274934216,51392600
2019-07-19,269.00323486328125,271.6283575337682,268.8312414956441,271.60120214019497,58678600
2019-07-22,269.66400146484375,270.20713691329087,268.88552850124887,269.40148093350797,43638100
2019-07-23,271.5920104980469,271.5920104980469,269.9535714155049,270.7863824595344,44564500
2019-07-24,272.868408203125,272.868408203125,270.7411443378768,270.83167149437855,47213200
2019-07-25,271.56488037109375,272.4700966389974,270.75922463265556,272.41578587292383,55394100
2019-07-26,273.38446044921875,273.58360919619827,272.1261961785262,272.2529397561572,45084100
2019-07-29,272.886474609375,273.384360106589,272.3343059738363,273.2666775777019,38126500
2019-07-30,272.2165832519531,272.623941541799,271.103157518043,271.4833604302327,45849000
2019-07-31,269.238525390625,272.6512091289259,267.2199103624136,272.46109378208786,104245200
2019-08-01,266.89404296875,272.3524976332888,266.0974479886819,269.3924494744152,142646600
2019-08-02,264.8843078613281,266.2421318939369,263.3273351989366,265.9977335130676,116749700
2019-08-05,256.9185485839844,260.89243457546314,255.01758844653918,260.78381301761164,178745400
2019-08-06,260.521240234375,260.73851093150165,257.33488880161246,258.81039579143163,120711700
2019-08-07,260.6751708984375,261.4446103725473,255.3072442129039,257.44354168218393,140572300
2019-08-08,265.7896423339844,265.7896423339844,261.61660787402644,262.1687766333647,87713900
2019-08-09,263.9792175292969,265.4456637627405,262.19594001239,264.8482175889276,93730000
2019-08-12,260.7657165527344,263.9701629838489,259.8152226790869,262.47656132527663,65527600
2019-08-13,264.8210144042969,266.26936599228577,260.1229396524817,260.46692626244254,94299800
2019-08-14,256.99090576171875,261.3721494020812,256.8641898428909,260.7656699423151,135622100
2019-08-15,257.6697692871094,258.5659520526638,255.62399959125736,257.8779789447643,99556600
2019-08-16,261.47174072265625,261.90622687818694,257.72413188114456,259.3263824546937,83018300
2019-08-19,264.6217956542969,265.30070769157317,263.8161677350632,264.4950797723394,53571800
2019-08-20,262.59417724609375,264.6490081776248,262.46746133677397,264.11493390797597,51596400
2019-08-21,264.73046875,265.1015830539715,264.06965102889666,264.7576241289492,49524700
2019-08-22,264.64898681640625,266.07018283661125,262.87477085408335,265.4365480911414,51666400
2019-08-23,257.85089111328125,265.0111559870093,256.60168809011344,263.34556116445606,149161500
2019-08-26,260.7023010253906,260.7023010253906,258.5116653687146,260.04148316459356,72423800
2019-08-27,259.6793212890625,262.46740216563734,258.91894312954247,262.096260273788,66668900
2019-08-28,261.5080261230469,261.670958474369,258.2130245739962,259.0186805750066,59696700
2019-08-29,264.8481140136719,265.3731548209414,263.0648371941585,264.06964142875887,57899400
2019-08-30,264.73046875,266.3507857356442,263.79809723940434,266.3326913580127,62901200
2019-09-03,263.1825256347656,263.94290385983123,261.8518568346499,263.0286543645162,69101400
2019-09-04,266.16986083984375,266.1879552243926,264.60382638840616,265.35517153491077,46887300
2019-09-05,269.59149169921875,270.505741263956,266.1335592315825,268.65912013072057,83258100
2019-09-06,269.7996520996094,270.4423754314379,269.2293891520062,269.90830123844205,49584300
2019-09-09,269.93548583984375,270.8768908116145,268.9940532430665,270.78639129029517,51260300
2019-09-10,269.87213134765625,269.93550311664103,267.9168608869009,269.1750971388404,57947100
2019-09-11,271.79119873046875,271.8726648838631,269.5281579417055,270.1799147938697,68821100
2019-09-12,272.73260498046875,273.7916924968806,271.9360102800866,272.6963885963586,72908700
2019-09-13,272.55157470703125,273.52922378912524,272.1804327059594,273.1761761691998,62104800
2019-09-16,271.709716796875,272.5968386795519,271.06702098519503,271.4200409627346,58191200
2019-09-17,272.397705078125,272.4882046094224,271.33858983685184,271.5105831463322,41475500
2019-09-18,272.5606994628906,272.6693210251948,269.9717658529061,272.0085030211567,73375800
2019-09-19,272.54248046875,273.94558214926315,272.20755489582285,272.9498388074487,76560500
2019-09-20,271.2547607421875,273.4282314887525,270.46359030392364,273.14629306857836,89565000
2019-09-23,271.1911315917969,271.9095626216198,270.33629663291384,270.59092655135265,43476800
2019-09-24,269.06317138671875,272.6734770496111,268.09921319736446,272.28244316672976,94869400
2019-09-25,270.6546325683594,271.10022805596975,267.66270975241423,269.14503076538426,71854000
2019-09-26,270.09088134765625,270.87294936634174,268.6813272430063,270.66380583941435,56179700
2019-09-27,268.6357421875,270.9547201008358,267.08068181796534,270.8455691998778,84746600
2019-09-30,269.8816223144531,270.5909505610847,269.1086573970001,269.1541161265272,51662400
2019-10-01,266.67138671875,271.4184369525393,266.45314046745057,270.76367044606576,88242400
2019-10-02,261.9607238769531,265.09815254736196,260.6693965347672,265.08904970256856,122539500
2019-10-03,264.10699462890625,264.1342754190595,259.0143676971502,261.73345487523494,85278800
2019-10-04,267.680908203125,267.9355381538089,264.7071634101348,264.7617527412515,65091200
2019-10-07,266.5259094238281,268.50841485168297,266.24399873388415,266.88058737396443,59610500
2019-10-08,262.38824462890625,265.407448516344,262.3518609879794,264.670839364948,95708100
2019-10-09,264.8799743652344,265.8166518828195,263.77961209760576,264.40709805869136,62359400
2019-10-10,266.67138671875,267.55350232118553,264.63434769975464,264.7980323882292,55296300
2019-10-11,269.43603515625,271.67314311799345,269.30873405810314,269.4269323090313,98720400
2019-10-14,269.13592529296875,269.79069193177,268.79035015685406,269.1177195999643,40394800
2019-10-15,271.8004150390625,272.54612678764573,270.06346449166466,270.1816904704129,46754500
2019-10-16,271.3638916015625,272.0550417754018,270.9273990728866,271.3366108185202,48928200
2019-10-17,272.1641845703125,273.03719744331266,271.4730343465405,272.5279376213477,45736600
2019-10-18,270.972900390625,272.27333084102725,270.11806538415243,271.6276670391448,64304000
2019-10-21,272.80987548828125,273.00994384916356,271.8550201651412,272.29154052140666,39048600
2019-10-22,271.9187316894531,273.6374771193446,271.82778646373816,273.3464634980912,48594700
2019-10-23,272.7098388671875,272.76440043938345,271.45486720152144,271.6640383966591,34352200
2019-10-24,273.1554260253906,273.79201468518664,272.3278718686874,273.64650791287386,35453100
2019-10-25,274.27398681640625,274.81963026068695,272.52793334522363,272.58249491439386,45205400
2019-10-28,275.8199462890625,276.32013101368767,275.4652960867663,275.4925768715583,42147000
2019-10-29,275.73809814453125,276.66570031313864,275.4198038269224,275.54713265499714,44284900
2019-10-30,276.5838623046875,276.95669044401245,274.6286376454852,275.9381708137291,49643900
2019-10-31,275.8472595214844,276.5747934558149,274.39224715798696,276.5747934558149,69053800
2019-11-01,278.4026794433594,278.4481381708568,277.1295020424609,277.29321451712957,71141500
2019-11-04,279.5211486816406,280.09407281644974,279.1482928518034,279.9576689159175,60606900
2019-11-05,279.2120666503906,280.02144303161515,278.92105304685475,279.721326580286,42933200
2019-11-06,279.2757568359375,279.5485647690466,278.3299764135138,279.21209240068293,46487100
2019-11-07,280.2577819824219,281.5945958295788,279.78490583507175,280.61245990736666,54272300
2019-11-08,280.9490051269531,281.0035667061069,279.2120541836701,279.9122796178653,49032100
2019-11-11,280.4125061035156,280.5852937140423,279.43034202761794,279.5667737483614,35797300
2019-11-12,281.0035400390625,281.9038337622453,280.2305474042965,280.7761908966361,46484600
2019-11-13,281.094482421875,281.4946191287311,279.7849491544516,280.01229829459345,53917700
2019-11-14,281.5036926269531,281.585562739211,280.17598142677315,280.8125701165942,51219900
2019-11-15,283.5408020019531,283.58626073546037,282.1494261750997,282.8405487883665,62023600
2019-11-18,283.7499694824219,283.9864215228647,282.8496755631772,283.30437394705217,49228000
2019-11-19,283.6681213378906,284.3592717481603,283.02245741663603,284.35016889984007,67804700
2019-11-20,282.6131591796875,283.59532300669514,281.0580988316027,283.0769603064734,79406200
2019-11-21,282.158447265625,282.8314195597847,281.35820164303874,282.72229641818564,54664700
2019-11-22,282.7860412597656,283.0406712717631,281.7766240612511,282.90426729258405,44850200
2019-11-25,284.9776306152344,284.9776306152344,283.71358367271534,283.71358367271534,48647200
2019-11-26,285.6233215332031,285.8052119858325,284.69574683100126,285.0140412468093,37569000
2019-11-27,286.89642333984375,286.89642333984375,285.88697877404934,286.10522505743006,44444600
2019-11-29,285.8323974609375,286.5781092144215,285.605048347259,286.33255440999926,36592700
2019-12-02,283.4043273925781,286.15069472322455,282.9769099443492,286.08703031011913,75767800
2019-12-03,281.5036926269531,281.585562739211,279.30296850429954,280.6852412775978,73941700
2019-12-04,283.2406311035156,283.84083613438696,282.2039335066136,282.54950862310733,49080000
2019-12-05,283.7499694824219,283.95914072993565,282.4404359166549,283.94096278551194,40709000
2019-12-06,286.3417053222656,286.7418420497151,285.65055501983795,285.6596578667379,48927000
2019-12-09,285.4414367675781,286.62364136052076,285.3686694911169,285.9506966924689,34838500
2019-12-10,285.12310791015625,286.05068242852656,284.4683412640769,285.3868406884249,52649800
2019-12-11,285.9325256347656,286.1871556033424,285.04130686845446,285.5778475967917,53429100
2019-12-12,288.39703369140625,289.1791016780048,285.7052267281645,285.941651042495,96389600
2019-12-13,288.56976318359375,289.7974542607273,287.3875308397455,288.1605235736877,81503900
2019-12-16,290.5522155761719,291.14331781947243,288.5060732129594,290.29758563663097,82749700
2019-12-17,290.61590576171875,291.2342888479106,290.5340633902449,290.93420015250655,61097700
2019-12-18,290.634033203125,291.23423824222414,290.5794716316232,291.0068891101069,48133000
2019-12-19,291.825439453125,291.8982067415374,290.5704673776063,290.82509738187173,85310500
2019-12-20,293.1048583984375,294.2380456575413,291.88027877252716,292.8580962191564,147142100
2019-12-23,293.552490234375,293.94544652687995,293.4062681022527,293.8906167134616,52990000
2019-12-24,293.5617370605469,293.82673861863617,293.2601450957839,293.7810563883531,20270000
2019-12-26,295.12445068359375,295.1335982854988,293.93643377520567,293.9455534880805,30911200
2019-12-27,295.0513000488281,295.9103378824698,294.52126907589263,295.85550805385674,42528800
2019-12-30,293.42462158203125,295.2706521393171,292.94027282858093,295.1335775655158,49729100
2019-12-31,294.1374206542969,294.3841827622408,292.5747148231008,292.9219889831503,57077300
2020-01-02,296.8882141113281,296.90650931546975,294.7497669040605,295.6727822642302,59151200
2020-01-03,294.6400146484375,295.7640816777263,293.44285049264414,293.49768030977805,77709700
2020-01-06,295.7641296386719,295.8463743777095,292.76661707449347,292.8854243272233,55653900
2020-01-07,294.9324951171875,295.6727256283345,294.48468103695666,295.1974966361732,40496400
2020-01-08,296.5043640136719,297.7197956916485,294.87768074616207,295.12441496646585,68296000
2020-01-09,298.514892578125,298.58801761539866,297.4822175666189,298.06710630868724,48473300
2020-01-10,297.6558532714844,299.2551218137174,297.1897996894312,299.0997799160431,53029300
2020-01-13,299.7029113769531,299.7120310890485,297.8477611357546,298.2772800531271,47086800
2020-01-14,299.24591064453125,300.3151199538499,298.6884369921767,299.2641779536659,62832800
2020-01-15,299.9222412109375,300.68073912701385,299.07235094750735,299.15459569341715,72056600
2020-01-16,302.4170837402344,302.4170837402344,301.07369722923175,301.3021641332184,54050300
2020-01-17,303.3584289550781,303.5686007011989,302.3531687920046,303.1299620038811,95846000
2020-01-21,302.76434326171875,303.56855126120206,302.3257046358388,302.398801777143,77742400
2020-01-22,302.8009033203125,304.27224473675494,302.6455614379162,303.62337862619233,48914900
2020-01-23,303.14825439453125,303.5595060963151,301.03722182198095,302.15214175160344,51963000
2020-01-24,300.4522705078125,303.8884219479204,299.16371371777205,303.80617720247466,87578400
2020-01-27,295.63616943359375,297.116630487524,294.86852399411237,295.2066505448216,84062500
2020-01-28,298.7342224121094,299.61152758511525,295.72758990467884,297.0618289224419,63834000
2020-01-29,298.48748779296875,300.3243709426531,298.28643576718724,300.0959039992209,53888900
2020-01-30,299.45611572265625,299.6663153017545,295.67271852206113,296.42206872649126,75491800
2020-01-31,294.0186767578125,298.9901194730198,293.1048090217675,298.8347496867189,113845600
2020-02-03,296.2028503417969,298.0671486104335,295.38037483443884,295.49918212009703,69083000
2020-02-04,300.7172546386719,301.5854399692841,299.492675464825,299.8125346860519,62573200
2020-02-05,304.18994140625,304.4001409842499,302.1885971158361,303.6507628947107,65951100
2020-02-06,305.2135009765625,305.4054053572776,304.1351160486289,305.1495235533158,50359700
2020-02-07,303.5868225097656,305.22262540475447,303.038496381652,304.15341594950706,64139400
2020-02-10,305.8531799316406,305.91715735245873,302.66379115886144,302.70035366918944,42070000
2020-02-11,306.3832702636719,307.99165832638704,305.8532114209266,307.2057455520756,54864500
2020-02-12,308.35723876953125,308.5674104828042,307.4524908196525,307.81803230663076,43992700
2020-02-13,308.0283203125,308.9970180810693,306.65751842614316,306.9316676478002,54501900
2020-02-14,308.5216369628906,308.64044418603436,307.2422281925336,308.43939224433404,64582200
2020-02-18,307.7267150878906,308.58575305311757,306.3376181795073,307.52566305583684,57226200
2020-02-19,309.19793701171875,309.8741900599959,308.41202432199384,308.69532102540853,48814700
2020-02-20,307.9277038574219,309.4721423570291,304.9393389090685,308.64963919276863,74163400
2020-02-21,304.7566223144531,306.88592186587607,303.9341190417113,306.57521018265294,113788200
2020-02-24,294.64923095703125,304.82970245486194,293.5708458942109,295.307216805096,161088400
2020-02-25,285.7207946777344,296.65064700332005,284.8434892986095,296.03837112534984,218913200
2020-02-26,284.66973876953125,290.71038982346295,283.938655892988,287.1188970838777,194773800
2020-02-27,271.8847961425781,284.7246265399028,271.8847961425781,279.1500278323521,284353500
2020-02-28,270.742431640625,272.23204033235453,260.9457695802284,263.833594623337,384975800
2020-03-02,282.46734619140625,282.53132361972916,269.0974581232793,272.5244617816566,238703600
2020-03-03,274.37957763671875,286.80818159326185,271.9395669552168,282.8419998690826,300139100
2020-03-04,285.9126281738281,286.1319753809504,277.20347032348707,279.753168952443,176613400
2020-03-05,276.408447265625,281.9008016738092,274.16948788672306,278.711411972993,186366800
2020-03-06,271.83905029296875,273.0453622263488,265.23180535005173,267.9002831419246,228667200
2020-03-09,250.6099395751953,259.71205370103047,249.8971239127328,251.58775678015627,309417300
2020-03-10,263.57769775390625,263.6690622000133,249.94278128953638,260.12327944250404,276444100
2020-03-11,250.7287139892578,257.65584636432993,247.54847242990883,256.52265940769087,255316300
2020-03-12,226.73968505859375,243.69193139870373,226.34671474938688,233.95009968243195,392220700
2020-03-13,246.122802734375,248.09675988860485,227.1143558727971,240.429398147559,329566100
2020-03-16,219.19114685058594,234.7725780910604,216.91561153342053,220.4065784730682,297240000
2020-03-17,231.02572631835938,234.1054695359692,216.65059323263955,223.93410499439116,262070500
2020-03-18,219.32821655273438,226.977283642767,208.38008698094055,215.9012131690979,327597100
2020-03-19,219.7942657470703,226.0725449069811,212.2183103648007,218.64279772577996,289322000
2020-03-20,210.3224639892578,224.72697702090403,210.0466887261092,222.94364621592393,347158800
2020-03-23,204.94482421875,211.13131361212564,200.6335807152901,209.76165319117246,326025200
2020-03-24,223.5135498046875,224.3868403910806,214.91865078430803,215.48857598678674,235494500
2020-03-25,226.85958862304688,235.6475485646317,220.38813506232896,225.0946467428511,299430300
2020-03-26,240.10589599609375,241.57665998414785,228.9371031237742,229.36914775984692,257632800
2020-03-27,232.95420837402344,239.74740334734355,230.77561023510842,232.81632774238852,224341200
2020-03-30,240.51951599121094,241.2365231887897,233.05528002333395,235.05003225521446,171369500
2020-03-31,236.93446350097656,242.06381801054945,235.52802532472109,239.51752951061562,194881100
2020-04-01,226.271240234375,236.8517165673258,224.2029473107463,227.95345349544075,189554600
2020-04-02,231.49258422851562,232.27393107275833,224.83727084545978,225.38882134558207,177660400
2020-04-03,228.1465301513672,232.86224312191504,225.41638201331432,230.50897330571124,135561200
2020-04-06,243.4702911376953,245.43748142052502,228.12816222742413,237.01722588258153,188061200
2020-04-07,243.71844482421875,252.8189278770022,243.49783589419317,252.0651432953914,201427200
2020-04-08,251.8997039794922,253.71061054645543,243.82876611393948,246.31990229743062,153774500
2020-04-09,255.7329864501953,258.49071084159345,253.22344715493466,255.16303317810022,189999200
2020-04-13,253.3980255126953,255.09862729601355,249.49125052132217,254.75851254995277,114839100
2020-04-14,260.87152099609375,261.8918654699185,253.26020343605688,258.2884549436128,134143400
2020-04-15,255.3285369873047,261.0094429241634,253.21426463121037,255.15387885192655,121775000
2020-04-16,256.56036376953125,257.4152518167674,253.49009986161752,256.60631463326337,131798300
2020-04-17,263.4913635253906,264.09803815159717,259.5937609848719,262.33311040568213,146684800
2020-04-20,258.8492736816406,263.6293418674101,258.6286646448618,259.78689014098177,100109300
2020-04-21,250.98974609375,255.58595430937598,250.05210166382398,254.38175000112426,126385700
2020-04-22,256.56036376953125,258.3069173868075,254.5472222047297,255.87093249536716,92951600
2020-04-23,256.5418701171875,261.0093977789953,256.23853280732754,257.8380038199027,104709700
2020-04-24,260.1177978515625,260.78885432168994,256.00878675884167,258.05870563521063,85063200
2020-04-27,263.8682861328125,264.98976199024764,261.634535810774,262.0941566039355,77896600
2020-04-28,262.6548767089844,267.86696016171067,262.35151131258954,267.51764391278255,105270000
2020-04-29,269.53076171875,271.0659071925588,266.9568970325676,267.98644290704055,118745600
2020-04-30,267.021240234375,269.6318823292637,265.28386059929,268.1518891527446,122901700
2020-05-01,259.9523010253906,267.18672684650835,258.78484641412496,262.26877941171466,125180000
2020-05-04,260.6692810058594,260.97261831344605,256.58784709475344,258.06781222922524,80873200
2020-05-05,263.07769775390625,265.8905741855777,260.79796898937275,263.4913676039255,79569900
2020-05-06,261.2942810058594,265.1642781572945,260.86223656949875,264.7782126074475,73632600
2020-05-07,264.4473876953125,266.3778004537861,263.9418160920804,264.5117413329673,75250400
2020-05-08,268.82293701171875,269.29175906737254,266.45127866866704,267.5819556045888,76452400
2020-05-11,268.8781433105469,270.2570055839343,266.4697350281808,266.892578270506,79514200
2020-05-12,263.5189514160156,270.47758767684087,263.3810427599695,270.0639458677684,95870800
2020-05-13,258.8584289550781,263.9969859100772,256.43161777077114,262.95823845859854,144721100
2020-05-14,261.9562683105469,262.08494754129237,250.94374432958452,256.42244422191715,121977900
2020-05-15,263.1604309082031,263.2063817576998,258.61937607827673,259.56619361268525,111146300
2020-05-18,271.17620849609375,272.78488091937567,269.0619645324173,269.383676574657,119703800
2020-05-19,268.39093017578125,272.28850498888653,268.3725554456711,270.5787293388812,95189300
2020-05-20,272.9502868652344,273.814375850398,271.70013227998567,271.9299425834225,85861700
2020-05-21,271.0658874511719,273.63057861267043,269.97198802595636,272.82164175506375,78293900
2020-05-22,271.5806579589844,271.75531605411203,269.53994110545716,270.78092249867296,63958200
2020-05-26,274.9267578125,277.7856136973342,271.59910780063615,277.5466019109484,88951400
2020-05-27,279.0173034667969,279.05408097269293,272.89515320041767,277.72116990088165,104817400
2020-05-28,278.5025939941406,282.0600540546706,277.8315376106127,280.0469129571108,90405200
2020-05-29,279.7435607910156,280.3318607230198,275.28523421175083,278.03375713092686,119090800
2020-06-01,280.8741760253906,281.4808786671015,278.5852740999053,279.10004699838373,55758300
2020-06-02,283.1999206542969,283.24589956300736,280.46059882527766,281.79348222342395,74267200
2020-06-03,286.96881103515625,287.92483007098406,284.9097190069347,285.18548024177693,92567600
2020-06-04,286.21502685546875,287.722596417164,284.1191573072027,285.98521647494385,75794400
2020-06-05,293.550537109375,295.32466622909004,291.54659764607965,291.61095127500704,150524700
2020-06-08,297.0988464355469,297.2918792842742,293.817147742069,294.35949682860377,73641200
2020-06-09,294.88348388671875,297.17238620785696,293.5689472426089,294.43303648292283,77479200
2020-06-10,293.2380065917969,296.3542484031599,292.5209994219378,295.462583123064,95000800
2020-06-11,276.33331298828125,286.9413730944748,275.7817902529992,286.307093895862,209243600
2020-06-12,279.64239501953125,284.11909577413104,274.4854646628665,283.34693642916073,194678900
2020-06-15,282.2530517578125,283.38372874328377,272.7756754665918,273.95230329940716,135782700
2020-06-16,287.68572998046875,290.1493178185226,282.8229640297754,290.00223585408537,137627500
2020-06-17,286.4906921386719,289.00023050685877,285.75528240749355,288.70606661438745,83398900
2020-06-18,286.60107421875,287.07906963373426,284.51440640064004,284.9740270872474,80828700
2020-06-19,284.96319580078125,290.26285198086515,283.01504638164135,290.0689696801593,135549600
2020-06-22,286.79132080078125,287.18832733403883,283.21820564851276,284.36307218217655,74649400
2020-06-23,288.11163330078125,290.37369722062647,287.7053848565929,289.44116854058365,68471200
2020-06-24,280.76220703125,286.68971915216207,278.9248757908203,286.07110475847367,132813500
2020-06-25,283.77215576171875,284.03991677797876,278.1677990684482,280.1897990735888,89468000
2020-06-26,277.03216552734375,282.8858280526824,276.4505185694108,282.67346196626374,127961000
2020-06-29,281.1038818359375,281.2423692160098,275.9981071297797,278.2878684607212,79773300
2020-06-30,284.70458984375,286.4034616691279,280.5128897413489,280.66983265552534,113394800
2020-07-01,286.698974609375,287.96390105074033,285.360225806475,285.8218691543317,72396500
2020-07-02,288.27777099609375,291.4815764666122,287.61300354993097,290.13355781025984,69344200
2020-07-06,292.7280578613281,293.3097330320879,291.3523695965938,292.10022962286325,61713800
2020-07-07,289.7088928222656,293.16197598302176,289.3303419029436,291.1861571430053,82910000
2020-07-08,291.9247741699219,292.0355640626978,288.71175457352604,290.4752073276655,54638600
2020-07-09,290.26287841796875,292.7742193790963,286.8467063436829,292.53415581966215,83354200
2020-07-10,293.2266540527344,293.49441511654214,288.7671911665096,290.1982744487149,57550400
2020-07-13,290.6875915527344,297.9538536311134,290.0320658619064,295.5717862583092,102997500
2020-07-14,294.45452880859375,295.23008605009807,288.06537413839186,289.2656352600485,93657000
2020-07-15,297.1598205566406,298.2585339487308,294.777725167758,297.6768588380392,87196500
2020-07-16,296.1810302734375,296.63343155956045,294.6114322387611,295.2577439416191,54622500
2020-07-17,297.039794921875,297.82459424337384,295.21167713283364,297.1875241733961,62774900
2020-07-20,299.4403381347656,300.18819807974637,296.02416620162734,296.7720261466081,56308800
2020-07-21,300.077392578125,301.8500871049481,299.0894691350206,301.4069275614781,57292200
2020-07-22,301.7854919433594,302.099434231955,299.6065487498866,299.71733865104954,57792900
2020-07-23,298.18463134765625,302.1270831480681,296.8181852176336,301.42537631818345,75738000
2020-07-24,296.2642517089844,297.28908645899844,294.75928982435465,296.32888854271727,73766600
2020-07-27,298.4247131347656,298.60013985296814,296.16264956413676,296.95669073754914,48293000
2020-07-28,296.5318908691406,298.81240929178904,296.23643247335264,297.69521251580267,57495000
2020-07-29,300.1789855957031,300.7422051686178,297.37218596811334,297.4091253277657,48454200
2020-07-30,299.1078796386719,299.5233698245188,295.1193034662908,297.2059117473767,61861700
2020-07-31,301.4715270996094,301.5731032762325,296.6796674453573,300.8990939222795,84986800
2020-08-03,303.5674743652344,304.33379001033194,302.5887926129522,303.1335284428846,53077900
2020-08-04,304.74005126953125,304.74005126953125,302.7088089568506,302.7088089568506,41917900
2020-08-05,306.6327209472656,306.89126826301356,305.7740711107244,306.0418321331255,42697700
2020-08-06,308.68243408203125,308.8024658628492,305.72793350897297,306.05108949352723,43679400
2020-08-07,308.9039611816406,309.19017773336356,306.8080828607746,307.71291374534616,57308300
2020-08-10,309.8273010253906,310.0119414454086,307.4175082706169,309.356415827872,44282100
2020-08-11,307.269775390625,311.64617312266336,306.5403992490115,311.00910310173,69601100
2020-08-12,311.5538635253906,312.3294209653016,309.67959266815404,309.70729014184826,53774400
2020-08-13,310.9905700683594,312.30164925667594,310.06728359605586,310.78744591739394,41816100
2020-08-14,310.99981689453125,311.53533883580377,309.873406253352,310.6028104674803,47260400
2020-08-17,311.9878234863281,312.3848300193641,311.00914180297326,312.01552096127307,35481000
2020-08-18,312.6618347167969,313.08653872718406,310.78753558782734,312.3848317893029,38733900
2020-08-19,311.3599548339844,313.5573533060185,310.79673534794836,313.04031505654325,68054200
2020-08-20,312.3293762207031,312.8094750881142,309.50412160274976,309.63336706931557,42207800
2020-08-21,313.4373779296875,313.6589577204171,311.65541319099066,311.99705293699736,55106600
2020-08-24,316.6134948730469,316.68734541310374,313.40968882300405,315.8748485901053,48588700
2020-08-25,317.72137451171875,317.8044669230327,316.0132886974553,317.17663880879144,38463400
2020-08-26,320.9067077636719,321.1744405717904,317.7675391796588,318.3122748541858,50790200
2020-08-27,321.6084289550781,323.0579957694621,319.94652424244754,321.77464196751936,58034100
2020-08-28,323.6858825683594,323.8151562485118,321.4423023469517,322.6333502400912,48588900
2020-08-31,322.5132751464844,324.35060666428654,322.28245347132435,323.4735012045628,66099200
2020-09-01,325.5509033203125,325.6524513348711,322.4486452873158,323.3442345333608,54908700
2020-09-02,330.2596435546875,331.22908325949226,326.31719155514446,327.46208615275333,69540000
2020-09-03,318.89404296875,329.04095593493463,316.3088230099574,328.57007064811114,148011100
2020-09-04,316.2903137207031,321.14678232846006,309.1809952615708,319.5772119329768,139156300
2020-09-08,307.6483154296875,316.35492934972956,307.34364325395643,310.87981848066687,114465300
2020-09-09,313.72357177734375,316.1887312996784,310.78749888094603,311.65539056693245,91462300
2020-09-10,308.2762451171875,316.2534284676327,307.3160189497297,315.59790272492,90569500
2020-09-11,308.4331359863281,311.11990351849477,305.6078810919823,310.05812950649084,84680200
2020-09-14,312.4955749511719,314.2682976219797,308.58084878107974,311.59998582152673,65605700
2020-09-15,314.0744323730469,315.78249013570075,312.504833796234,314.9515377853473,52920900
2020-09-16,312.8279113769531,316.7426367786588,312.55090854525963,315.3115540992047,82096000
2020-09-17,310.0765686035156,311.79389633261354,307.44519615617884,307.9714762809404,91523300
2020-09-18,306.50677490234375,310.99336705552685,304.02246845450276,310.8821336756627,105877900
2020-09-21,303.09552001953125,303.2438406391325,298.23813995696975,301.9182622311076,99450800
2020-09-22,306.1823425292969,306.7385377490843,302.06653750783966,304.57868073084774,63612100
2020-09-23,299.0816345214844,307.01660211722344,298.58105607201094,306.7384904056228,93112200
2020-09-24,299.8787841796875,302.93781455731744,296.4489382381279,297.7652655958646,76681300
2020-09-25,304.7269592285156,305.5148717009548,298.1546568746652,299.0259943751535,71069400
2020-09-28,309.7882385253906,310.50200476162365,307.89718658161235,308.8890645006327,64584600
2020-09-29,308.1011962890625,310.3259488282698,307.40595935248126,309.5843740782885,51304000
2020-09-30,310.4372253417969,313.5889606137836,308.573981210121,308.7686396406758,104081100
2020-10-01,312.4302062988281,314.0060596588878,310.54843285554995,313.03273929794693,88698700
2020-10-02,309.46380615234375,312.40235285633963,307.0073084094654,307.48007849386664,89431100
2020-10-05,314.9515686035156,315.13694812133673,311.47538439020013,311.5217221973405,45713100
2020-10-06,310.4742431640625,317.18561572731545,309.9644141027496,315.0906262164625,90128900
2020-10-07,315.87860107421875,316.6850714131168,313.40354507518236,313.43135342172144,56999600
2020-10-08,318.6781311035156,318.74302668593697,316.8983117626096,317.8160439288391,45242500
2020-10-09,321.52386474609375,321.9873559657683,319.706987085962,320.32804947834086,59528600
2020-10-12,326.69647216796875,328.1703711128486,323.5725453203997,324.063844968693,80388500
2020-10-13,324.5644226074219,326.7335584990035,323.60035278140873,326.55742954167613,73255500
2020-10-14,322.5250549316406,326.2329853972063,321.7927590329618,325.1391526992879,57727900
2020-10-15,322.1264343261719,322.6084550653457,318.07552513157503,318.6131625602973,60357700
2020-10-16,321.9318542480469,325.1392067125841,321.75572525853215,323.4798996325993,89501900
2020-10-19,317.03729248046875,323.82278285072874,316.1381183278607,323.1924415429291,68425600
2020-10-20,318.3073425292969,321.5517821676292,317.621384344044,318.38148870232345,60051900
2020-10-21,317.7047424316406,320.43007341653833,317.39882234537475,318.2609093352829,63575000
2020-10-22,319.44744873046875,320.0314522737697,315.7766056873438,317.9179331532719,55399300
2020-10-23,320.5320129394531,320.7266713466308,318.0755149322923,320.6710546588657,49143900
2020-10-26,314.608642578125,317.9365067637999,311.1139000222835,317.1485658849641,91473000
2020-10-27,313.5240478515625,315.285309087353,313.31083167503937,314.95160893898276,65994100
2020-10-28,302.80804443359375,313.551765999517,302.3167449414249,307.8508304573768,127094300
2020-10-29,305.88568115234375,309.05594531130174,301.35272336162404,303.0398382217238,90597700
2020-10-30,302.6968994140625,305.6168888814722,299.0445857878949,304.3098400497384,120287300
2020-11-02,306.0896911621094,308.0919488492275,303.3458020708051,306.0896911621094,86068300
2020-11-03,311.49395751953125,313.55185999385526,306.173086523715,309.3248216610703,93294200
2020-11-04,318.45556640625,322.53428362589443,314.79397432552076,315.9712318810282,126959700
2020-11-05,324.6663513183594,326.4739785623512,323.3871109043666,323.7393687910326,82039700
2020-11-06,324.59228515625,325.8437175343975,322.26554938669335,324.37906893828546,74973000
2020-11-09,328.6709289550781,337.77390433814645,328.2074376824893,337.3938380999121,172304200
2020-11-10,328.1888122558594,329.24555733796154,324.9165659597318,327.67895503153255,85552000
2020-11-11,330.62689208984375,331.4518918826983,329.13443541283425,330.37658868596975,58649000
2020-11-12,327.4194641113281,330.67318157201504,325.6118653025927,329.6164079973696,67546200
2020-11-13,331.952392578125,332.69396715892105,328.809908762868,329.32901662727664,62892200
2020-11-16,336.0960998535156,336.29075828534565,333.3336814245421,334.6222008625587,74541100
2020-11-17,334.2884521484375,335.49354647121936,332.1749330059845,333.68591913167813,66111000
2020-11-18,330.2652587890625,335.1041076156639,330.2281715753888,334.55719144331164,70591300
2020-11-19,331.6557922363281,332.02657957234703,328.29084129066734,329.63497720915376,59940900
2020-11-20,329.3846740722656,331.60017579109797,329.3105279207122,331.3962385127505,70417300
2020-11-23,331.35919189453125,332.6199029395009,328.95831035799966,331.19234181614615,63230600
2020-11-24,336.69854736328125,337.24546358278957,333.05551333256483,333.9083212958037,62415900
2020-11-25,336.17950439453125,336.64299568251425,335.0856717443146,336.61518733680583,45330900
2020-11-27,337.11572265625,337.5884644727242,336.1052868833564,337.2732938319882,28514100
2020-11-30,335.6232604980469,336.60585962287183,332.9442959525929,336.33702679385095,83872700
2020-12-01,339.29412841796875,340.83292278060395,338.28372087591083,338.87700326166663,74231400
2020-12-02,340.0079650878906,340.16553629221875,337.6070834828416,338.1818081843012,45927000
2020-12-03,339.9151611328125,341.30563466169116,338.81204987009494,339.9058822567246,62882000
2020-12-04,342.84454345703125,342.84454345703125,340.4065745278507,340.49927845197374,50749900
2020-12-07,342.1400451660156,342.631344870927,340.8700833791276,342.07514958686744,48944300
2020-12-08,343.1410827636719,343.7065284410971,340.8236267953573,340.86996459902065,42458900
2020-12-09,340.0635681152344,343.95687801184386,339.2292894437654,343.7993068138485,74098300
2020-12-10,339.9522705078125,340.9997368715385,337.8201939843313,338.6915597157027,57735400
2020-12-11,339.55364990234375,339.9615244312118,336.73564370740246,338.2558801692447,57698600
2020-12-14,338.0334777832031,342.7981536293505,337.8573488263368,341.7228787095807,69216200
2020-12-15,342.6034851074219,342.6034851074219,339.2014749129828,340.5733910132798,63865300
2020-12-16,343.1410827636719,344.05878627456207,341.9359886865939,342.8166332702564,58420500
2020-12-17,345.0599365234375,345.26387379305515,343.9568251499501,344.78185310544035,64119500
2020-12-18,343.68218994140625,345.5161309651634,341.67136919379556,345.3485696719916,136542300
2020-12-21,342.4533996582031,352.3213066638467,337.0260664305187,339.7630149194955,96386700
2020-12-22,341.8761901855469,342.8909048278069,340.74976800980517,342.7791972943252,47949000
2020-12-23,342.18341064453125,344.0918139440392,341.8575780688017,342.84436581711367,46201400
2020-12-24,343.5146179199219,343.542544801245,342.0716817018129,342.6581462095984,26457900
2020-12-28,346.46563720703125,346.85661348489737,345.4416043676414,346.0653140903759,39000400
2020-12-29,345.8047180175781,348.1692982115266,345.2182250819667,347.9924184877755,53680500
2020-12-30,346.298095703125,347.3314471151924,345.90711937087656,346.6239282532309,49455300
2020-12-31,348.0575866699219,348.78371400805713,345.59061740637577,346.1026197103733,78520700
2021-01-04,343.3191223144531,349.5191455225328,339.6233135802176,349.38880113928235,110210800
2021-01-05,345.6836853027344,346.7728905061342,342.6302231348059,342.67678687742756,66426200
2021-01-06,347.7503356933594,350.9434604581976,343.62630546858566,344.17555304257576,107997700
2021-01-07,352.9169921875,353.66172782753097,349.9473112363885,350.1241909226185,68766800
2021-01-08,354.9278869628906,355.14198358914405,351.05519832067495,354.30414871589034,71677200
2021-01-11,352.5353088378906,354.2947588761163,351.63230195175925,351.7533278864743,51034700
2021-01-12,352.6098327636719,353.6245473333701,350.3662785938468,352.7215686990142,52547700
2021-01-13,353.5594482421875,354.55552607698144,351.7534339254866,352.5354151126377,45303600
2021-01-14,352.3212585449219,354.8068647184422,351.9861359560516,354.30415242528704,49989100
2021-01-15,349.75189208984375,351.5020240301078,347.8900242126763,350.7014344796534,107160000
2021-01-19,352.4981384277344,353.0380960342888,350.72936958492306,352.2095511727949,51233300
2021-01-20,357.3762512207031,358.21408610198193,354.39725118743416,354.7882275407677,61836100
2021-01-21,357.7019958496094,358.3629793057075,356.7803804745633,357.9347293006691,47840100
2021-01-22,356.43597412109375,357.5996414893799,355.4677949159223,355.8494812219019,52860500
2021-01-25,357.8417053222656,358.1954363497445,352.3212455515999,357.1714317593944,70402000
2021-01-26,357.2831115722656,359.20083303759526,357.05037810890184,358.7912198692873,42665300
2021-01-27,348.55096435546875,354.05278710492604,346.31672868098127,353.95968803310404,123351100
2021-01-28,351.548583984375,355.55158851320573,349.9287680398475,350.36627971281166,94198100
2021-01-29,344.51068115234375,350.6548499672451,342.83498325200054,349.6866708521476,126765100
2021-02-01,350.2452087402344,351.2785315475708,344.7992407179441,347.90855597827994,75817600
2021-02-02,355.19781494140625,356.7524870405597,350.32904887111556,353.4290462295083,64450700
2021-02-03,355.4771423339844,357.19937586145977,354.2017673399159,356.026389967423,52427100
2021-02-04,359.5173645019531,359.56389983293474,355.5888223142449,356.5104377825251,47142600
2021-02-05,360.9324035644531,361.6399224767463,359.47085881489795,361.3885805309923,48669800
2021-02-08,363.5390930175781,363.58562835972907,361.52827190518417,362.384715387774,38365200
2021-02-09,363.29693603515625,363.89274733764177,362.2915399745202,362.7011247326708,35551100
2021-02-10,363.138671875,365.18673775500156,360.7368749883138,365.0377849264699,59154400
2021-02-11,363.72528076171875,364.63760647374943,361.29555622038924,364.2186747342793,42913300
2021-02-12,365.5218811035156,365.7639045862191,362.8500770853384,362.9245677029753,50593300
2021-02-16,365.2054138183594,366.94628434358594,364.4886048325737,366.7507677394015,50972400
2021-02-17,365.28912353515625,365.5404654309399,362.4404400003846,363.45518283226,52290600
2021-02-18,363.73455810546875,364.47929399166895,360.9603643711448,362.68259806906747,59712800
2021-02-19,363.0921936035156,365.2798942259746,362.645335047699,364.99130695342166,83241000
2021-02-22,360.2993469238281,362.71046232061997,360.02936813751376,360.3272738044918,67414200
2021-02-23,360.73687744140625,362.08674292738397,353.9410715012877,358.0930286391464,107284100
2021-02-24,364.7119445800781,365.1401946066292,358.6608745485557,359.64766215783163,72433900
2021-02-25,355.92388916015625,364.814323544115,354.48095320744636,363.44584979128797,146670500
2021-02-26,354.09002685546875,358.9495032557424,352.1071613879296,357.8044726689712,152701600
2021-03-01,362.6732482910156,363.92072482785227,354.2855524299561,358.9588307931296,105348800
2021-03-02,359.8431701660156,363.1293654455315,359.3404579436692,362.8966319883141,79595300
2021-03-03,355.0768737792969,360.11320193136976,354.97445626184805,359.14505098556646,119940200
2021-03-04,350.6828308105469,357.47863729094,346.19572234702065,354.8906420427798,183433000
2021-03-05,357.13421630859375,358.18617627812586,346.9032607012722,354.1831430171617,152039600
2021-03-08,355.35614013671875,360.90449901744677,355.07687129081967,358.0930884659382,123149200
2021-03-09,360.4297180175781,362.9804680067196,358.69816605856334,359.2008783576128,113633600
2021-03-10,362.6732482910156,364.3675549570112,361.3606563767608,362.77566580218155,109899400
2021-03-11,366.3504333496094,368.3240087626398,364.6840536373491,365.14023058798864,86245000
2021-03-12,366.8437805175781,366.98341490924895,364.18132341690256,364.9912312984389,64653600
2021-03-15,369.0315246582031,369.29218502366257,364.95402947649114,367.09516616349055,73427200
2021-03-16,368.5660095214844,370.3533865339371,367.793318546746,369.6458961543537,73722500
2021-03-17,369.82281494140625,370.6234044689322,366.13629619510306,367.28135513431295,97959300
2021-03-18,364.44195556640625,369.32003933715384,363.76236369970513,367.2347568232178,115349100
2021-03-19,363.7677001953125,365.7197211971754,361.59150389696646,364.1412876855865,113624500
2021-03-22,366.67236328125,368.05466830965446,364.2253325103038,364.28136920712717,73778600
2021-03-23,363.7864074707031,367.4849724644324,363.00186510857276,366.0373101003052,90686600
2021-03-24,361.93707275390625,366.8218139815274,361.8903850062456,365.1873437728255,97588600
2021-03-25,363.97320556640625,364.7670683556702,358.5560867809132,360.4987874842971,116128600
2021-03-26,369.83856201171875,370.2401678212908,364.52419698725413,365.1219312266108,114409100
2021-03-29,369.6517639160156,370.55772850073316,366.87783346614003,368.362862908593,108107600
2021-03-30,368.6711120605469,369.34358094645273,367.07398064220894,368.381579616897,76262200
2021-03-31,370.1654968261719,371.72526109112226,369.2128443577868,369.2408627097128,112734200
2021-04-01,374.1628723144531,374.2189375105821,371.893300729822,372.0987781059756,99682900
2021-04-05,379.5333251953125,380.0750513069228,376.7500740458587,376.8247801459603,91684800
2021-04-06,379.30914306640625,380.3551993878055,378.6366742165215,378.9729228929124,62021000
2021-04-07,379.748046875,380.0936159356526,378.6833213503647,379.1409637817271,55836300
2021-04-08,381.55072021484375,381.60675691392385,380.06569068342264,380.99967367195654,57863100
2021-04-09,384.3246765136719,384.49281512504706,381.3079295009663,381.4293518580536,61104600
2021-04-12,384.46478271484375,384.73561726762654,383.11984489042715,383.7269281507639,56704900
2021-04-13,385.6041564941406,386.22993756231864,383.97903541086856,384.36197181036624,56551000
2021-04-14,384.28729248046875,386.6315702804382,383.7455664130594,385.5761649966313,61659900
2021-04-15,388.41546630859375,388.68632933197097,386.379390415515,386.4260781596265,60229800
2021-04-16,389.71368408203125,390.32076721988585,388.2846914947576,389.7043351328216,82037300
2021-04-19,387.7990417480469,389.228034481116,386.4728019580856,388.77974091961784,78498500
2021-04-20,384.9597473144531,387.6869614412357,383.4840383597904,386.58486845168517,81851800
2021-04-21,388.6022644042969,388.80774177837327,384.20318450969165,384.343304744254,66793000
2021-04-22,385.05322265625,389.26549578003414,383.98849668768133,388.4342655987634,97582800
2021-04-23,389.22802734375,390.6383506535276,385.5388119647193,385.6135180559668,73209200
2021-04-26,390.0406188964844,390.61036333622997,389.293443913069,389.88185775138544,52182400
2021-04-27,389.95654296875,390.53563632822335,388.81708265316865,390.3394793906885,51303100
2021-04-28,389.844482421875,391.34820981136744,389.37749094113417,390.22741885643023,51238900
2021-04-29,392.3288269042969,392.9452589949812,388.9478136062445,392.5716715620224,78544300
2021-04-30,389.7510986328125,390.9092569470682,388.8544829241141,390.0593289877053,85527000
2021-05-03,390.5916748046875,392.12339199652814,390.0966649892705,391.7404555728437,68128300
2021-05-04,388.1820068359375,389.0973204297574,384.49279111679294,388.6023105837801,101591200
2021-05-05,388.3034362792969,390.05932889798106,387.74304077290196,389.82583314555814,60162200
2021-05-06,391.4043273925781,391.53507021269667,386.3701445084863,388.37820259005775,74321400
2021-05-07,394.2528991699219,394.90669867070073,391.48831747234374,392.17013532299035,67733800
2021-05-10,390.348876953125,394.8319841776763,390.2274545965479,394.60783736731895,81852400
2021-05-11,386.8650817871094,387.85510146471046,382.9890581244751,385.8283743617133,116888000
2021-05-12,378.64605712890625,385.35204832878026,377.3291376588085,384.0818451111226,134811000
2021-05-13,383.1945495605469,385.12790123879364,380.14975581622974,380.19647206863493,106394000
2021-05-14,389.0787048339844,389.9286329574188,385.90316768787113,385.931186043461,82201600
2021-05-17,388.0885925292969,388.9011816537385,386.0711858984487,387.9671986859142,65129200
2021-05-18,384.74493408203125,388.59293922934893,384.5861444411635,388.3500945443385,59810200
2021-05-19,383.7361755371094,383.91363455674485,378.57125157773066,380.0563093742371,106467100
2021-05-20,387.8644104003906,389.1252929926565,384.49274587512184,384.61413970744456,78022200
2021-05-21,387.5468444824219,390.5916376819598,387.0892020087102,389.34942453489305,76578700
2021-05-24,391.49774169921875,392.57181665453317,389.5456917724704,389.78853651995007,51376700
2021-05-25,390.6290588378906,392.9359980945385,390.0499939116139,392.5810799776849,57451400
2021-05-26,391.4043273925781,391.9086577739116,390.1808117404293,391.2175193605187,43088600
2021-05-27,391.6097412109375,392.9453300641983,391.3295292083679,392.43165081383626,56707700
2021-05-28,392.3101806640625,393.4402919789062,392.0766849418198,393.1787779101102,58520200
2021-06-01,391.9646911621094,394.81332815085875,391.52571797502355,394.67323638964024,54216600
2021-06-02,392.58111572265625,393.4217233403322,391.6097937914491,392.61848302859596,49097100
2021-06-03,391.1240539550781,392.2635143648258,388.7984453863478,390.26480554943856,58138800
2021-06-04,394.70123291015625,395.0001143194918,391.18944760771376,392.973358609629,55938800
2021-06-07,394.3182678222656,394.86931434784225,393.38428486307185,394.69185530536356,51555000
2021-06-08,394.4023132324219,395.2709105225555,392.5717146579376,395.17750652833854,47134300
2021-06-09,393.8139343261719,395.31766180851946,393.58978752250255,395.24292720536323,48436300
2021-06-10,395.6445007324219,396.59718157596666,393.72049815041606,395.0374175201594,51020100
2021-06-11,396.2983703613281,396.4104437738481,394.90674465103467,396.195645900819,45570800
2021-06-14,397.18560791015625,397.2883323557152,395.1682012696967,396.4103860815458,42358500
2021-06-15,396.4571228027344,397.37240792096816,395.5791764832327,397.335069122236,51508500
2021-06-16,394.2435302734375,396.8213323424478,392.19813383077667,396.59718555484613,80386100
2021-06-17,394.1128234863281,395.0934942745737,391.6377741374557,393.8326399762295,90949700
2021-06-18,388.7961120605469,391.5228695274807,388.589962401601,390.82947003654994,118676300
2021-06-21,394.36199951171875,394.54941864548533,389.7424066854368,390.55762558464596,72822000
2021-06-22,396.4703063964844,397.3042843043094,393.63108116900446,394.35261904344696,57700300
2021-06-23,395.9925231933594,397.3512120232172,395.9081931498081,396.5453725429614,49445400
2021-06-24,398.3350830078125,398.75673318670397,397.88529422084855,398.13831292432985,45110300
2021-06-25,399.7500915527344,400.1998804520093,398.75683275513654,399.0848020402649,58129500
2021-06-28,400.5558776855469,400.72453776466034,399.07536933086004,400.274777553691,53159600
2021-06-29,400.7713928222656,401.57723223614346,400.237273994288,400.9400528954754,35970500
2021-06-30,401.1087646484375,401.78343362434913,400.28416605608436,400.3122760719077,64827900
2021-07-01,403.3294677734375,403.48877689800884,401.802090469254,401.86769002620366,53441000
2021-07-02,406.41229248046875,406.768371644775,403.41375818791886,404.49137521552234,57697700
2021-07-06,405.6721496582031,406.68416744841574,402.936012721127,406.4686382569822,68710400
2021-07-07,407.1057434082031,407.38687211913964,404.34149695894274,406.35612403799763,63549500
2021-07-08,403.7887268066406,404.54772586147544,400.60277236849515,401.7834502743056,97595200
2021-07-09,408.09906005859375,408.3989192878367,403.5919064673389,405.2973236629894,76238600
2021-07-12,409.5608215332031,409.8138402584851,407.58368379970483,408.0147135517589,52889600
2021-07-13,408.1645812988281,410.2729178438437,407.9022116726275,408.7736505814926,52911300
2021-07-14,408.7737121582031,410.34795874869207,407.52746339505444,409.8606803722424,64130400
2021-07-15,407.37750244140625,408.10839135369446,405.4753153622365,407.4337224657248,55126400
2021-07-16,404.1822204589844,408.60504373099667,403.7886802665075,408.5582032401322,75874700
2021-07-19,398.2132263183594,404.24775614946304,395.40211100310523,399.35641435707515,147987000
2021-07-20,403.91986083984375,405.19424821912867,398.0821000063619,398.87858854389634,99608200
2021-07-21,407.1901550292969,407.33073371100517,403.8730586255544,405.1193075123585,64724400
2021-07-22,408.0428161621094,408.28645534613815,406.3842681533673,407.36814723384765,47878500
2021-07-23,412.2407531738281,412.5780733348413,409.28908738037114,409.9731072389194,63766600
2021-07-26,413.252685546875,413.26206508210987,411.6035173257502,411.65035780963643,43719200
2021-07-27,411.3692932128906,412.24073218061153,408.53941855758904,412.2126221686252,67397100
2021-07-28,411.2005615234375,412.57800915894387,409.77627340490346,411.9970499079121,52472400
2021-07-29,412.906005859375,413.98359440615155,412.1188969574822,412.1282764931705,47435300
2021-07-30,410.9007568359375,412.35315505498323,410.2073289089117,410.3385280234811,68951200
2021-08-02,410.03863525390625,413.16834011828394,409.68255608198217,412.61549088677026,58783300
2021-08-03,413.3745422363281,413.49636182074306,408.6425090931806,410.83517582420905,58053900
2021-08-04,411.3411865234375,413.346434118997,411.10692688961086,412.09080591322396,46732200
2021-08-05,413.9461669921875,414.0304970317783,412.18452990878626,412.5031195904007,38969700
2021-08-06,414.63018798828125,415.0518667835452,413.983629086822,414.2647578157139,46930000
2021-08-09,414.2928771972656,414.920677039973,413.5244986888596,414.60208735027624,41222600
2021-08-10,414.8082580566406,415.5204165734043,414.05863858352615,414.7426584888019,43339300
2021-08-11,415.83905029296875,415.93275988606405,414.75208192459974,415.87653984943745,44034300
2021-08-12,417.085205078125,417.2257837341095,414.7894778443805,415.68902682349017,38909400
2021-08-13,417.84423828125,417.86296875743454,417.0477498031309,417.5349995492506,39470300
2021-08-16,418.82806396484375,418.95923447372246,414.98620072147236,416.5416879310771,73740000
2021-08-17,416.0826110839844,416.9446705471954,413.0934557834653,416.27000163869883,92673900
2021-08-18,411.5285949707031,416.6354666486862,411.2849843863083,415.07059964436183,89351900
2021-08-19,412.1657409667969,413.36517769933806,408.6612261268582,408.80177618265736,92812200
2021-08-20,415.4454650878906,415.7734343527384,412.02527954568274,412.51255797213713,72008700
2021-08-23,419.099853515625,420.00878201499984,415.52035954108516,417.132066923601,54973000
2021-08-24,419.76513671875,420.2992555252089,419.2497769837676,419.76513671875,38744700
2021-08-25,420.64599609375,421.16135587884156,419.57775837696613,419.9525966891945,40529700
2021-08-26,418.16278076171875,420.5990578135191,418.0690711990779,420.3647982049888,57829600
2021-08-27,421.9015808105469,422.27639048792906,418.91242573488046,418.96864575668053,77235100
2021-08-30,423.7569580078125,424.5440669661629,422.33264109600447,422.5762802722132,48357400
2021-08-31,423.1291198730469,424.0005588501911,422.5294300788062,423.6632387027082,59300200
2021-09-01,423.3540344238281,424.5815527206417,423.11977477029654,424.06619292133183,48721400
2021-09-02,424.6564636230469,425.46230297562477,423.4570555334381,424.7782831987027,42501000
2021-09-03,424.5534973144531,425.0688857762042,423.1198291942796,423.52277758325664,47170500
2021-09-07,423.03546142578125,424.3004693240175,422.3607924531319,424.20675973967593,51671500
2021-09-08,422.52008056640625,423.23223905655976,420.5991342695839,422.5013500889307,56181900
2021-09-09,420.7115478515625,424.0755125696742,420.467908695529,422.3232551840981,57970400
2021-09-10,417.3944396972656,423.0635112920505,417.27262011455633,422.64186111668704,89948200
2021-09-13,418.46270751953125,420.655403124016,416.1482209113753,420.39303344599693,83738600
2021-09-14,416.2044677734375,420.1119029115105,415.314269621711,419.90575326564493,78197100
2021-09-15,419.6808166503906,420.1774459218341,415.5203633365021,416.6260619263352,78792200
2021-09-16,419.0155944824219,420.1306441908273,416.063899796155,419.15614456363676,77786700
2021-09-17,414.933837890625,418.66579952568367,414.5766179390553,418.2427985470541,118425000
2021-09-20,408.0151672363281,410.38405885600616,403.14573587535295,408.8047977762208,166445500
2021-09-21,407.6298522949219,411.6532253331846,407.10343179928117,410.3559645804395,92526100
2021-09-22,411.60614013671875,413.64604074631075,407.74258725869817,409.9046690416803,102350100
2021-09-23,416.60711669921875,418.2146065121486,413.24178453544346,413.4767946462248,76396000
2021-09-24,417.2933349609375,418.00777484083244,414.7552144207099,414.971434039035,62094800
2021-09-27,416.0995178222656,417.4249496091947,415.4038683828205,416.2593086333386,61371100
2021-09-28,407.71435546875,413.65541814858807,406.9811250466519,413.3263982451864,130436300
2021-09-29,408.400634765625,410.8353363854079,407.83660468931265,409.0962556033454,82329200
2021-09-30,403.40899658203125,410.58148154628566,403.07056708218,409.8764511666684,140506000
2021-10-01,408.2032165527344,409.88589724112427,401.613551525623,405.138703737529,129240100
2021-10-04,402.93896484375,407.9399583912579,400.79564501055677,407.03752756364304,128570000
2021-10-05,407.131591796875,409.3782739253751,403.64404918460883,404.4430607487151,90682500
2021-10-06,408.8236083984375,409.0304184562949,401.90492407695274,403.53117578451554,113032200
2021-10-07,412.3581237792969,415.1970354491902,411.92571322947015,412.10432319982914,72437500
2021-10-08,411.60614013671875,413.51444998736724,410.9763290353788,413.1290299205683,74557400
2021-10-11,408.626220703125,413.8622533457,408.5604109808945,410.9481219621356,65233300
2021-10-12,407.62042236328125,409.9517335045939,406.8307916592311,409.5475229098595,71181200
2021-10-13,409.0868835449219,409.9047143211053,405.665150493523,408.6450632915193,72974000
2021-10-14,415.9679260253906,416.1183359496485,412.28295460047235,412.7529748558683,70236800
2021-10-15,419.13592529296875,419.5025549212031,417.46265406245044,418.0830843417794,66260200
2021-10-18,420.37677001953125,420.7151708749127,416.6917981413863,417.34983805497893,62213200
2021-10-19,423.6198425292969,423.6856235581585,421.39192256312816,422.0029718063698,46996800
2021-10-20,425.28369140625,425.5845112268091,423.96764055100016,424.0804408117706,49571600
2021-10-21,426.3929443359375,426.6185448638883,424.24965325713134,424.682063831623,41305400
2021-10-22,425.95123291015625,427.4083131924775,424.00534179657603,425.96064249714215,58845100
2021-10-25,428.2354736328125,428.5644935725112,425.26497065295007,427.04163242690424,45214500
2021-10-26,428.6208801269531,430.99918156529145,428.2448696453988,429.78654991386077,56075100
2021-10-27,426.72198486328125,429.7489164065924,426.6467655584889,429.0814956872959,72438000
2021-10-28,430.83935546875,430.91454608380144,428.1414439075538,428.1508248045862,51437900
2021-10-29,431.713623046875,432.0050333226642,428.2448711186631,428.5362813944523,70162400
2021-11-01,432.4562683105469,433.07669852419264,430.7265971184563,432.70065934906575,48433600
2021-11-02,434.2047119140625,434.51494135185385,432.4938312768331,432.62545072020157,48908400
2021-11-03,436.8556213378906,437.25983186693117,433.19885003088245,433.6406702124122,52509800
2021-11-04,438.9143371582031,438.9989373652711,437.10944667746986,437.4572570913363,52847100
2021-11-05,440.4372253417969,442.43010684262913,438.9237737315892,441.14225579847414,66390600
2021-11-08,440.81317138671875,442.0352412122443,440.1269602027339,441.5370209098921,50405200
2021-11-09,439.3561706542969,441.4148618185051,437.9461097849906,441.17985167362065,51149100
2021-11-10,435.8215637207031,439.35612511347824,434.3363123816006,437.6640350330447,69429700
2021-11-11,435.9625549316406,437.39143479469317,435.94376444998505,437.3162154925545,34848500
2021-11-12,439.25274658203125,439.8073670755041,436.2822149398842,437.23166509516153,53466700
2021-11-15,439.4031066894531,440.7003671182999,438.2750753466251,440.5405763047511,46980500
2021-11-16,441.1422119140625,442.27965290510997,439.0647304076264,439.13992102624314,48857500
2021-11-17,440.0706481933594,441.0576794109191,439.450217915438,440.8790693905585,47858300
2021-11-18,441.5652160644531,441.8284262460176,438.37846513160173,441.10457673089655,50625600
2021-11-19,440.7756652832031,442.7027371018379,440.40903566695056,441.45246699733707,57315600
2021-11-22,439.53472900390625,445.1467717517106,439.32791895320247,442.65567024625074,72762000
2021-11-23,440.1175537109375,440.9729939884895,436.6018115031317,439.2057132997234,73206500
2021-11-24,441.2925720214844,441.4147818647302,437.2974002820981,438.11523084811967,61858800
2021-11-26,431.4504089355469,436.08480192497507,430.32234880945094,434.6183409737067,112669600
2021-11-29,436.7428283691406,438.5852997432788,434.0449166850697,436.24460804442816,86268800
2021-11-30,428.244873046875,436.207017697208,428.0004533224309,434.29873651759567,148559600
2021-12-01,423.48828125,436.80866888995706,423.290880760792,433.9603470803366,131939200
2021-12-02,429.9745178222656,431.54439807571686,423.3096341374703,423.7044637690375,127637800
2021-12-03,426.2331848144531,432.7006394884692,422.0030024782896,431.638417799551,137331600
2021-12-06,431.2812194824219,433.16130061518345,426.3647969926562,428.78070813331755,98977500
2021-12-07,440.20220947265625,440.7662395682255,431.1496139364449,436.56425695349,95484700
2021-12-08,441.3678283691406,441.8190581603877,438.83911699656346,440.5970169214314,72238800
2021-12-09,438.38787841796875,441.471210008513,438.1904779520681,440.07993978691974,61272600
2021-12-10,442.5146789550781,442.66508888548304,438.53832579208637,441.0952372334483,77159800
2021-12-13,438.5947265625,442.3454791791736,438.3126971846737,441.99766876550603,87724700
2021-12-14,435.5772399902344,437.8145414206378,432.65372721686475,435.3234393317385,97264100
2021-12-15,442.3830871582031,442.6274781927471,433.11427244709614,435.63360291576834,116899300
2021-12-16,438.48187255859375,444.5169160885959,436.9307828900091,444.23491543308455,116568600
2021-12-17,433.81524658203125,438.4093235060489,432.10779763878344,435.4000562992087,135511600
2021-12-20,429.2023010253906,429.5984890492109,425.57986657914137,428.73062942371416,107134800
2021-12-21,436.824462890625,436.9659586009306,430.4568968299471,432.62657449075914,69806300
2021-12-22,441.192138671875,441.30533523820264,436.37164043974565,436.56976321936594,58890200
2021-12-23,443.9372863769531,445.4371985113299,442.0883418877811,442.19209581442925,56439700
2021-12-27,450.2199401855469,450.2670958254494,445.26738887680665,445.3145445167092,56808600
2021-12-28,449.8520202636719,451.6821081838997,449.0879146544429,450.65386765775884,47274600
2021-12-29,450.427490234375,451.44628815269533,448.955877247608,449.9558186671151,54503000
2021-12-30,449.1822509765625,451.8613419081985,448.72002207295793,450.8519578886304,55329000
2021-12-31,448.05023193359375,449.84257807075835,447.77668316160356,448.6917271226337,65237400
2022-01-03,450.6444396972656,450.7765215542985,447.0031490248722,449.31432242601716,72668200
2022-01-04,450.49346923828125,452.7858147658463,448.63508224842974,452.0688648240115,71178700
2022-01-05,441.84307861328125,450.8991788038624,441.7487385385624,450.12563049513625,104538900
2022-01-06,441.4279479980469,444.1447805813084,439.060147736231,441.38079236108484,86858900
2022-01-07,439.6827697753906,442.6165817047028,438.32435344615055,441.43740286255314,85111600
2022-01-10,439.1356506347656,439.35260112059655,430.73046025596256,436.48485885738484,119362000
2022-01-11,443.1354675292969,443.22980760686403,435.87171338487093,438.87156663562837,74303100
2022-01-12,444.3334655761719,446.38997545502053,442.3713245554861,444.87117806328797,67605400
2022-01-13,438.211181640625,446.0881025089078,437.18294108680465,445.4371934481838,91173100
2022-01-14,438.390380859375,438.7394131797268,433.8434604749311,435.06038106331687,95890900
2022-01-18,430.626708984375,433.90011089418675,429.51357096718334,433.6925742478842,109709100
2022-01-19,426.1553039550781,433.56996792093884,425.88172635771065,432.17383836585805,109357600
2022-01-20,421.43853759765625,432.749212360242,419.3160155840139,428.04193941787696,122379700
2022-01-21,413.16546630859375,422.6743531254501,413.137167164053,420.31599511855075,202271200
2022-01-24,414.9200744628906,415.42948785761394,396.92109866435106,407.5525662882195,251783900
2022-01-25,409.8542175292969,414.80676807590123,402.9489401436382,408.524100499298,167997300
2022-01-26,408.8260498046875,418.8820910132849,404.56212043743244,415.7501849161173,186391100
2022-01-27,406.8072814941406,416.5708886311564,405.11871802199556,413.4295686804275,149878300
2022-01-28,416.9105224609375,416.95767810367454,403.5810789597359,408.1657129140467,164457400
2022-01-31,424.4195251464844,424.7685575099905,414.8917534598383,416.2407272712182,152251400
2022-02-01,427.28729248046875,427.9287589149775,421.61779092107525,425.1458850994215,123155400
2022-02-02,431.43792724609375,432.16429099295607,427.38153506884584,429.6927369366117,117361000
2022-02-03,421.2970886230469,427.3061803398797,420.4574993371218,425.40063739567904,118024400
2022-02-04,423.278076171875,427.12690349554987,418.68397092224063,421.0612140470099,118454400
2022-02-07,421.919677734375,425.4383293530502,420.5895604027736,424.0421998784849,84472900
2022-02-08,425.3911437988281,426.31563040935833,419.99522006477935,421.4196773714475,81012000
2022-02-09,431.61724853515625,431.9379817631401,429.2305914308077,429.4286854386847,92589900
2022-02-10,423.8629455566406,431.7775795121979,421.86306271080866,425.7684883309894,140103700
2022-02-11,415.50494384765625,426.0232149227556,414.0710725267029,423.947877125735,153214600
2022-02-14,414.1465148925781,416.58035643251037,410.67501887953995,414.995546790282,123006300
2022-02-15,420.8254089355469,420.99520380296383,418.0708341137334,418.58969014890727,88482700
2022-02-16,421.2970886230469,422.6743616661116,416.90110575473415,418.7783495538221,84863600
2022-02-17,412.29754638671875,421.2687487717077,411.693821753136,418.10854352626,102259100
2022-02-18,409.62786865234375,413.80687151261105,407.3544084156553,412.55220911710694,132642900
2022-02-22,405.23193359375,410.8259516984403,401.7321096953835,407.4204966635997,124391800
2022-02-23,398.04364013671875,408.71284849771104,397.477628508236,408.1468368692283,132578000
2022-02-24,404.0338439941406,404.46780255410187,387.3744299437548,387.732876144503,213942900
2022-02-25,412.9483947753906,413.03329219005104,403.61871876539095,405.26956900150043,121804500
2022-02-28,411.8919372558594,413.37299295759,406.29791910816897,407.55255287050466,145615000
2022-03-01,405.6186828613281,412.4013221597528,402.9112639395008,410.3919967190823,137785900
2022-03-02,413.0805358886719,414.8068411449072,407.1186004140651,407.8732634005898,117726500
2022-03-03,411.0240173339844,416.1180643570966,409.22222854392,415.5143397383029,105501700
2022-03-04,407.6845703125,408.8165646764018,403.6376206493303,407.2883535725804,113978200
2022-03-07,395.66644287109375,407.80726559886233,395.6004019359383,407.09975817846976,137896600
2022-03-08,392.6665344238281,403.0055659240811,391.6005521986846,395.84559581407734,164772700
2022-03-09,403.19427490234375,405.1753011556901,398.86433355936276,401.05289644474624,116990800
2022-03-10,401.37359619140625,402.2697547820951,396.61913933731984,398.5812801406087,93972700
2022-03-11,396.2701416015625,404.4772092709991,395.7607282684723,403.8640420157582,95636300
2022-03-14,393.3740234375,400.49625143515976,392.23258649023603,397.04364145545367,95729200
2022-03-15,402.0245666503906,402.6565904451957,394.71365716973366,395.98714740326733,106219100
2022-03-16,410.9391174316406,410.99571571466925,400.7321381601262,405.5337798825797,144954800
2022-03-17,416.080322265625,416.080322265625,408.646774491688,409.02410595061707,102676900
2022-03-18,420.6376037597656,420.95933337461315,413.72981682419214,414.467909206015,106345500
2022-03-21,420.5145568847656,422.4733213729706,417.00386088702027,420.4672258759616,88349800
2022-03-22,425.4352111816406,426.37201295183075,421.9055997031732,421.9055997031732,74650400
2022-03-23,419.9562683105469,424.39429439850414,419.8711071405114,422.8991946168003,79426100
2022-03-24,426.28680419921875,426.2962761766024,420.86467470667094,421.98127067470915,64736900
2022-03-25,428.3686828613281,428.64311034533864,424.3375472885619,426.92088512262796,77101300
2022-03-28,431.4156494140625,431.4156494140625,425.8799424500739,427.77248986490883,68529800
2022-03-29,436.7525939941406,437.2446747767382,432.61738274150923,435.3047964568444,86581500
2022-03-30,434.05572509765625,436.4214091697429,431.94552450928234,435.6075988323958,79666900
2022-03-31,427.3751525878906,434.1126180491866,426.9209307256282,433.2893643872006,121699900
2022-04-01,428.5863342285156,429.0973012788602,425.00942048618305,428.9553659870978,89048800
2022-04-04,432.25787353515625,432.3619786728985,427.96181114365424,428.7850647544049,59601000
2022-04-05,426.79779052734375,433.23243960502543,425.65280753068726,430.7626793133144,74214500
2022-04-06,422.5301513671875,424.81067460735846,419.64402793365923,422.88029691792224,106898000
2022-04-07,424.65924072265625,426.47609894481815,419.70077574327007,421.6500972677455,78097200
2022-04-08,423.52374267578125,426.4193379958125,421.98131186663085,423.9022463943376,79272700
2022-04-11,416.28472900390625,421.09178658035466,415.7832051098399,420.24958914576314,89770500
2022-04-12,414.7423095703125,421.80150331220403,413.19040683522564,419.2749398176844,84363600
2022-04-13,419.49261474609375,420.2496221966037,414.3164961668285,414.4962904899716,74070400
2022-04-14,414.2691650390625,420.8363067294956,414.16505991706254,419.71968183285964,97869500
2022-04-18,414.4394226074219,416.1237883500015,412.2062020411162,413.3417418379465,66002500
2022-04-19,421.1296691894531,421.8488175877449,414.1650795150678,414.33540185587515,77821000
2022-04-20,420.81744384765625,423.5238021273017,419.6535454716644,422.90872988855983,65224400
2022-04-21,414.52471923828125,425.83270326471836,413.61630443070874,424.441679554067,85417300
2022-04-22,403.1504211425781,414.5435347350055,402.5826511949937,413.4364107712959,132471800
2022-04-25,405.4877014160156,405.65802372987287,396.33722318186966,400.9077407495504,119647700
2022-04-26,393.7444763183594,403.15043882373135,393.7160892636341,402.9517005626742,103996300
2022-04-27,394.85162353515625,400.19809313911514,392.7130645715548,394.82323647876274,122030000
2022-04-28,404.82537841796875,406.55707558525125,395.1639313315665,399.6019576141651,105449100
2022-04-29,389.8647766113281,402.9895886209459,389.1172122790781,400.8320856724879,145491100
2022-05-02,392.2115173339844,393.5741537158079,383.25974771045304,389.93099434604335,158312500
2022-05-03,394.00946044921875,396.4224469103301,391.15169530175734,392.7130700591638,100028200
2022-05-04,406.0081787109375,406.5759486887727,391.48287209472454,394.67180974349054,144247900
2022-05-05,391.5775146484375,402.16631958492377,387.44230322988835,401.7404848718178,172929100
2022-05-06,389.240234375,392.5143334096191,383.9316525873715,389.01313791973797,151770800
2022-05-09,376.77783203125,384.5751184962438,375.19754216123187,383.3355021930368,155586100
2022-05-10,377.6484375,384.2628826486502,373.6078584477752,382.7583106519952,132497200
2022-05-11,371.64898681640625,382.3324247205916,370.9014225253903,376.68316971112745,142361000
2022-05-12,371.2610778808594,374.5351773075326,364.45736660676437,368.45064339852814,125090800
2022-05-13,380.1370849609375,381.5186365245012,374.35533743902573,375.39624432033366,104174400
2022-05-16,378.5945739746094,382.2661198994598,376.23836212074434,378.490497747512,78622400
2022-05-17,386.3824768066406,386.61904522716617,380.9508462343475,384.6886388298432,83029700
2022-05-18,370.8068542480469,382.1053662434467,369.56723782398416,381.8214956417476,117674500
2022-05-19,368.53582763671875,372.9644114675759,366.31207818026047,367.74096102040795,98510700
2022-05-20,368.69659423828125,375.6990132327795,360.09497051983396,372.12210011344524,131432200
2022-05-23,375.59490966796875,376.36138893220135,369.40627257344516,371.72462544104593,76414900
2022-05-24,372.727783203125,373.9200684973476,366.17008413397616,371.46922293735594,91448800
2022-05-25,376.02081298828125,377.98907865192785,370.8352510778718,371.2326698997725,91472900
2022-05-26,383.5342102050781,385.1712741839689,377.04278616008014,377.25096753960395,82168300
2022-05-27,392.9496154785156,393.0631636990263,385.7957888065358,385.9944981924295,84768700
2022-05-31,390.74481201171875,394.08515718858496,388.00062391684565,391.33149711527295,95937000
2022-06-01,387.58428955078125,393.8770046632853,385.06719773018256,392.8645136255513,86585800
2022-06-02,394.9651794433594,395.01248157548275,385.17124122143497,387.4233771677342,79609600
2022-06-03,388.483154296875,391.79511174740026,387.50849368798237,390.2432092520108,71874300
2022-06-06,389.6660461425781,394.22706332553315,388.4926471442496,392.4953952002465,57508900
2022-06-07,393.4038391113281,393.8580609068562,385.71062891259504,386.17432268656637,59272400
2022-06-08,389.12664794921875,393.479512475004,388.3317815558461,391.69104143143073,64350000
2022-06-09,379.8721618652344,389.61877058958953,379.8721618652344,387.34771921360226,86289800
2022-06-10,368.8575134277344,374.51624111312117,368.81021128921816,373.6646004739386,132893900
2022-06-13,354.8526916503906,361.29681422052283,353.2440145637145,359.4421255713329,170004900
2022-06-14,353.7833557128906,357.6346967344851,350.6795790257293,356.60326183152415,104011800
2022-06-15,358.8270263671875,363.2744957746672,352.12739188091416,357.0858572117837,125666800
2022-06-16,346.9512023925781,351.0107241373277,344.51927236083463,350.6038334285706,134473300
2022-06-17,347.69921875,351.04450954430285,344.1924117569051,347.36661545178714,111113900
2022-06-21,356.4520263671875,357.83954577017596,353.35383919081494,353.4298843377524,76811900
2022-06-22,355.8058166503906,359.9208687301767,351.80477429485757,352.2229356289405,90059400
2022-06-23,359.29364013671875,360.02540799730696,354.3802877819863,357.9441431467789,79292100
2022-06-24,370.7169189453125,370.72643183907684,362.43928023680013,362.4677899153683,98050300
2022-06-27,369.3009033203125,371.93339374615164,368.20799359853146,371.6387840560035,66009600
2022-06-28,361.75506591796875,373.64409647087297,361.64102718888944,370.859544492515,86548900
2022-06-29,361.46044921875,363.29463974904866,359.63577158326706,362.3062847809654,65676000
2022-06-30,358.52374267578125,361.7644776671068,354.0665465765062,357.5638686365209,112508300
2022-07-01,362.3157958984375,362.7529830546203,355.2451042734922,357.8681111996678,74839700
2022-07-05,363.0000305175781,363.0190563072348,354.38975859425415,357.221845993929,81438000
2022-07-06,364.2259521484375,366.715894004098,360.7571393570924,363.14252639295074,70426200
2022-07-07,369.6809997558594,370.4792996961626,364.2449324457464,366.0031064941069,64525900
2022-07-08,369.37701416015625,371.24922746104284,366.5164167860133,368.0464848680788,72397800
2022-07-11,365.1573486328125,367.6662874925925,364.4635744126361,366.696929365384,58366900
2022-07-12,361.9261169433594,366.99155941529256,360.17745545859367,364.60614303529803,62219200
2022-07-13,360.0254211425781,362.9620635927919,356.0624300737601,356.48059143871535,84224600
2022-07-14,359.1510314941406,360.23442826193605,352.6220542011667,355.06446062617965,89704800
2022-07-15,366.0126953125,366.12673404152474,361.650539910931,363.56074662755304,79060400
2022-07-18,362.9905090332031,369.7760736131692,361.764534839165,369.1013252129824,63203600
2022-07-19,372.7982177734375,373.3684403556091,366.2597563730755,366.9154789894388,78506000
2022-07-20,375.17413330078125,376.5901914099878,371.619791193265,372.98831383414614,71843800
2022-07-21,378.99462890625,379.04213537491796,372.1900378364041,374.5944510061109,64903900
2022-07-22,375.478271484375,380.31560739398503,373.2544293512537,379.1181717855212,72197300
2022-07-25,375.9344177246094,376.78973707432243,373.6915500269605,376.1054757940071,53631500
2022-07-26,371.4866943359375,374.49932302499343,370.59335250949107,374.29024240597994,52946400
2022-07-27,381.13287353515625,382.8815347076384,374.4898288550795,374.784438514411,82342100
2022-07-28,385.9132385253906,386.60698374585616,378.38636390787866,381.9407350618802,73966600
2022-07-29,391.5394287109375,392.5278128008071,386.57854047512916,387.34833097700186,87003700
2022-08-01,390.37994384765625,392.8889118778882,388.1275919584921,388.8403630121632,69997500
2022-08-02,387.8044128417969,392.49919977922883,386.62597416207234,388.81179345563703,63435400
2022-08-03,393.8773498535156,395.04627598002963,389.64822942090314,389.93332628036205,67820600
2022-08-04,393.6111755371094,394.48549174301655,391.96703995040895,393.80123040665455,45656600
2022-08-05,392.9458923339844,393.59213106466996,389.2679987016488,389.3250180600784,56814900
2022-08-08,392.4897155761719,396.88989316531894,391.387292955347,394.63754145835884,53886100
2022-08-09,390.93115234375,392.26165245097286,389.8572393634721,391.7579620888554,44931800
2022-08-10,399.1421813964844,399.2847587751934,396.0345107890702,397.99225249322296,68665700
2022-08-11,399.1421813964844,403.855993715763,398.40090083862776,401.993264927121,59489700
2022-08-12,405.89935302734375,406.0038788583054,400.130652464098,401.0810138483799,61694500
2022-08-15,407.57196044921875,408.09467660080554,403.6279665910464,403.68498595264106,54048300
2022-08-16,408.3703308105469,410.29956341351703,405.69030453369277,406.49811757493705,59289000
2022-08-17,405.4716796875,408.18021543915523,403.4664310836019,404.7684215424708,63563400
2022-08-18,406.6501770019531,407.3344094071018,404.3787992026303,405.67127686044,49023200
2022-08-19,401.185546875,404.1506695923492,400.3112016877868,403.8845695793236,68016900
2022-08-22,392.8319396972656,396.51934703159236,391.9290846530813,396.34825991608824,77695600
2022-08-23,391.8815002441406,394.7991164880296,391.3302744311885,392.4041873745743,49105200
2022-08-24,393.135986328125,394.50447996842576,390.9691636437866,391.6533959625738,49177800
2022-08-25,398.6861572265625,398.7336636998838,393.5351851989176,394.6280951098861,50942300
2022-08-26,385.1909484863281,399.1137361754967,385.13392912672487,398.5720522592657,103087000
2022-08-29,382.6439514160156,385.6946028813485,381.284941800932,382.2353030427063,65370800
2022-08-30,378.443359375,384.0410012678557,376.34306905482566,383.8034109464827,85652400
2022-08-31,375.5638427734375,381.32303102305707,375.4308072476335,380.07805980425115,76029700
2022-09-01,376.74224853515625,377.08436469022797,370.678938652205,373.3874742240931,78740100
2022-09-02,372.7697448730469,381.6271200488621,370.9545511254495,380.41065862148133,99632100
2022-09-06,371.36322021484375,374.5564205138696,369.1393780774377,373.61557203339373,76637400
2022-09-07,378.03472900390625,378.80451936163286,370.8310028776724,371.04956742201074,70964200
2022-09-08,380.5056457519531,380.96180059480923,374.5563749860969,375.7633523475096,80821700
2022-09-09,386.41693115234375,387.28176346215974,382.4824212375365,382.74852125573165,76706900
2022-09-12,390.57000732421875,391.2922912350759,388.1845910416869,388.488713636019,69256300
2022-09-13,373.5870666503906,383.09068051072757,372.4656471755256,381.883702988719,122947100
2022-09-14,375.0126037597656,376.5331877578143,371.7053357392143,374.8890521407821,85023700
2022-09-15,370.7549133300781,376.30501935694866,369.48143277964385,373.45393570599117,87633800
2022-09-16,367.9264831542969,368.58492846304785,364.6342566105422,366.5714428970576,103084800
2022-09-19,370.7798156738281,370.7798156738281,364.70114963446014,364.77750717597377,73278500
2022-09-20,366.5237121582031,368.4608693228223,363.7659009113071,367.44935055441204,77274900
2022-09-21,360.1301574707031,371.50498233585387,360.1206054997159,368.45132204995605,106746600
2022-09-22,357.1051330566406,360.99852235439477,356.3608073472819,359.3571850053135,89472600
2022-09-23,351.1219177246094,353.66978968711527,346.67503807204696,353.63161092219536,122346900
2022-09-26,347.64837646484375,353.27853570562985,346.42691809015844,349.6523393463072,92581200
2022-09-27,346.76092529296875,353.459857136267,344.3657100991575,351.18870108949443,108294100
2022-09-28,353.58392333984375,355.27296245080464,346.01660643811806,347.71519752115427,110802200
2022-09-29,346.1979064941406,350.3203103402681,343.24923029563433,350.03404240715685,112952300
2022-09-30,340.844482421875,349.17522920833704,340.7109004194997,345.25318357199444,153711200
2022-10-03,349.8431701660156,351.6944470852205,342.78161312339256,344.5660844856892,89756500
2022-10-04,360.68365478515625,360.7122815791371,349.8050362444443,355.3683901017397,103602800
2022-10-05,359.8438720703125,362.10547600581526,353.9846987017383,356.3131081925854,88065700
2022-10-06,356.13177490234375,361.39930818363916,355.6355383734306,358.4410803172353,82333500
2022-10-07,346.1979064941406,356.2176918591457,344.432509914981,352.09525889115315,107789500
2022-10-10,343.55450439453125,347.5528774185206,341.31200474894814,347.3143111479812,76042800
2022-10-11,341.37884521484375,346.4269166005978,339.44168789952687,341.8559778454328,92482800
2022-10-12,340.2528381347656,343.36375237835983,340.0047198340521,341.7892204341487,76991800
2022-10-13,349.2324523925781,350.7020290219594,332.18925999717504,333.23895758959026,147254500
2022-10-14,341.2738952636719,353.32627035722425,340.6345247152281,351.6944557677686,123737000
2022-10-17,350.0436706542969,351.1506221066431,340.93996981339313,347.36218698301394,93168200
2022-10-18,354.1564636230469,358.27889645424324,350.71155095897484,357.97352458781444,97162900
2022-10-19,351.6467590332031,354.8435535760599,348.8316647816131,352.11433970586495,79746900
2022-10-20,348.69805908203125,355.6260339289677,347.9346294295258,351.1982293100266,88283100
2022-10-21,357.1719665527344,357.65862205185954,346.91361459894165,348.4213409562037,131038400
2022-10-24,361.5425109863281,362.6780890904026,356.0459332134546,358.69881886172783,85436900
2022-10-25,367.31573486328125,367.6306295324552,361.3515779922161,361.466085144643,78846300
2022-10-26,364.5483703613281,369.8540823855379,363.9090290046154,364.1666701170704,104087300
2022-10-27,362.6017761230469,367.392177933265,361.9814803173528,365.55045270586106,81971800
2022-10-28,371.228271484375,371.70540412790007,362.31543719795053,362.49674993223925,100302000
2022-10-31,368.5467529296875,370.63659603718315,367.6402184672529,368.7662444084812,96631300
2022-11-01,366.93408203125,372.5356437948338,365.76035435229414,372.29707747025043,85407600
2022-11-02,357.72540283203125,370.85610174230845,357.62044763501416,366.34241671143474,126990400
2022-11-03,354.0419921875,357.08610094389695,351.9235219733596,354.4809460886305,87100100
2022-11-04,359.1377258300781,361.5424637304622,353.0781357834755,359.75799240640606,103505200
2022-11-07,362.5731201171875,363.1647599563083,358.3552545876023,360.43554599672575,68286900
2022-11-08,364.5293273925781,367.5066303285375,360.4450732662479,363.68001733717375,84641100
2022-11-09,357.01922607421875,363.7086341105511,356.5229895570527,362.5539523085774,78495500
2022-11-10,376.638916015625,376.9729146439448,368.0028280194402,370.30258141366954,141455800
2022-11-11,380.28424072265625,381.08582000984256,375.60831786460767,377.4977734770305,93839900
2022-11-14,377.0492858886719,381.8778657875463,376.77254080840333,378.5188625471577,71903500
2022-11-15,380.2651672363281,383.91046764433503,376.44810606485254,382.8035164099832,93194500
2022-11-16,377.36419677734375,379.5876219491824,376.7343782310451,378.6333567193718,68508500
2022-11-17,376.20953369140625,376.88708300619,372.2970693510568,372.60241210724644,74496300
2022-11-18,377.91766357421875,379.61625454437336,375.0644198124641,379.54944898801807,92922500
2022-11-21,376.5435485839844,377.7173054097724,374.70182350827446,376.59127932303574,51243200
2022-11-22,381.61065673828125,381.7728946397623,377.07789693039774,378.49021994388283,60429000
2022-11-23,384.01544189453125,384.5020973782574,381.0476617682043,381.2766761134872,68261600
2022-11-25,383.9295349121094,384.4830250793276,383.175686313319,383.45240227506304,30545400
2022-11-28,377.8031921386719,382.4790864541177,377.0397623978261,380.837748913633,67881600
2022-11-29,377.154296875,379.12960397556105,375.3125426554069,377.93677231301285,52310000
2022-11-30,389.0348815917969,389.0348815917969,375.4843314190897,377.4023849238339,144566700
2022-12-01,388.74859619140625,391.24876657686235,386.2388738341099,390.0750097932602,76398200
2022-12-02,388.300048828125,389.20658327820155,383.7482143923798,383.8531695839399,85342700
2022-12-05,381.31488037109375,386.41065374736974,379.9598399084257,385.47549236036787,77289800
2022-12-06,375.8182678222656,381.6965452135378,373.72845373229296,381.15263615766594,77972200
2022-12-07,375.178955078125,377.54554354532956,374.04337702250234,374.96901554376115,65927900
2022-12-08,378.1180725097656,379.18684498444895,375.2839034087124,377.068403979044,60737900
2022-12-09,375.2934265136719,379.4349340954439,375.1693673749268,376.87751028175563,81447700
2022-12-12,380.7042236328125,380.7042236328125,375.41758473701236,376.0855530976754,75405800
2022-12-13,383.58599853515625,391.7163278716569,380.8186351718438,391.45868674150205,123782500
2022-12-14,381.13348388671875,386.9545069550509,378.1848081544835,383.24240165213087,108111300
2022-12-15,371.81036376953125,377.17332966722427,370.1499515992905,376.2667660559643,117705900
2022-12-16,367.42071533203125,370.59383534034583,365.2829507209457,369.2517350620785,119858000
2022-12-19,364.3052062988281,367.9480842909995,362.63716903863775,367.6125518205153,79878100
2022-12-20,364.80364990234375,366.42376617165866,362.224886337841,363.5478242860952,74427200
2022-12-21,370.2583312988281,371.38952801231983,366.86471190276114,367.40155201274337,78167400
2022-12-22,364.9761962890625,370.23916053307846,359.2722332289845,367.209831595386,100120900
2022-12-23,367.0756530761719,367.2194443247234,362.39744941933026,363.95045341487634,59857300
2022-12-27,365.6280822753906,367.30571508666856,363.95044946411275,366.960616093891,51638200
2022-12-28,361.0841064453125,367.5358135013805,360.854040448147,365.56097308852884,70911500
2022-12-29,367.5837707519531,368.4561434188278,363.40405276866323,363.9313264054412,66970900
2022-12-30,366.615478515625,366.75926975895635,362.7808893302895,364.89952091921486,84022200
2023-01-03,365.072021484375,370.4500180533657,362.2056465586836,368.4752072280289,74850700
2023-01-04,367.8905029296875,369.92283055639075,364.28597966385496,367.3344711039099,85934100
2023-01-05,363.6916198730469,366.0498840558089,363.09726322382664,365.9348510599075,76970500
2023-01-06,372.0318298339844,373.153460042991,363.72037415912655,366.78802795358683,104189600
2023-01-09,371.8209533691406,377.419479732033,371.63883728473166,374.2271676198182,73978100
2023-01-10,374.428466796875,374.4955791323068,370.2966990841329,371.2361840133922,65358100
2023-01-11,379.1642150878906,379.24092326423306,375.1954300022919,376.01028615624546,68881100
2023-01-12,380.5445251464844,382.01125396418723,376.1922885992743,380.2665385657362,90157700
2023-01-13,382.0209045410156,382.59609870511895,377.07428153867187,377.3427015811747,63903900
2023-01-17,381.32110595703125,383.6793992551705,380.64047460135316,382.00176656830166,62677300
2023-01-18,375.3008117675781,383.57394241937,375.0995040316948,382.5098579883935,99632300
2023-01-19,372.5687255859375,374.9077982389386,371.24578754272824,373.25892360264237,86958900
2023-01-20,379.5093078613281,379.6626949440639,372.31945292080763,373.9683274907241,91806400
2023-01-23,384.0628967285156,385.99935386476415,379.3559346776604,380.31458203818664,84178800
2023-01-24,383.6506652832031,384.56136267462904,381.1965305092897,382.38524381226813,59524900
2023-01-25,383.7944641113281,384.12999652768013,377.28524055423935,379.57642171380235,84800300
2023-01-26,388.01251220703125,388.1754951278568,383.4876955763573,386.45950819175505,72287400
2023-01-27,388.904052734375,391.28150871155356,386.7566920166625,386.967595605409,68346200
2023-01-30,384.0245361328125,388.3768032673917,383.7273577965346,386.14313857209555,74202000
2023-01-31,389.6709899902344,389.71891065606565,384.19709249266276,384.5422207556733,86811800
2023-02-01,393.81231689453125,396.5636593442866,385.7117643976384,388.45348175657574,101459200
2023-02-02,399.5450439453125,401.01177323006914,395.80632510726565,397.70442814895335,101654500
2023-02-03,395.2981872558594,399.72713273402843,394.09028239614366,394.56960600643197,94736800
2023-02-06,392.8824768066406,394.282123166359,391.2240354195808,392.8441519721598,60295300
2023-02-07,398.020751953125,399.26698166926644,390.7158646278332,391.9620943439746,90990700
2023-02-08,393.6684875488281,397.388043561494,392.97826035827575,396.0459432619734,76227500
2023-02-09,390.2557067871094,397.42639877292254,389.02863947326034,397.27301170174235,78694900
2023-02-10,391.16650390625,391.5499570255399,388.2618033756223,389.07663028326425,70769700
2023-02-13,395.75836181640625,395.8925864844252,391.3581741107854,391.8183353582287,64913500
2023-02-14,395.5762939453125,397.8866085323106,391.6170753346043,394.23416412394835,88389300
2023-02-15,396.86077880859375,396.93745771221506,392.5372705702228,393.3808847880114,61555700
2023-02-16,391.39654541015625,395.835087395517,391.2623499918296,391.8854649285943,76431500
2023-02-17,390.418701171875,390.6583629922171,387.34142233465536,389.26831273199565,89257800
2023-02-21,382.5865173339844,387.44686578378213,382.3276931153695,386.39234798566156,82655900
2023-02-22,382.05926513671875,384.54215788611697,380.6021026620575,382.9987206737072,83742300
2023-02-23,384.0916748046875,385.5680000076678,379.86403621587823,384.95445162257573,96242400
2023-02-24,379.98858642578125,380.82260481900255,377.36190242771124,379.06829329418446,108194400
2023-02-27,381.28277587890625,384.69555770016393,380.3432910551879,383.3342657519672,80444700
2023-02-28,379.8735656738281,382.76866981415725,379.7680992642455,380.8034546692743,96438600
2023-03-01,378.41644287109375,380.2858168924637,377.1126965271028,379.05874946346245,99706800
2023-03-02,381.3594665527344,382.20308082772186,376.1060690029621,376.4416013971857,85127800
2023-03-03,387.4756164550781,387.7248740903768,382.5289933624495,383.18086644105557,90120000
2023-03-06,387.74407958984375,390.60085911261217,387.3031100177366,388.3000821585358,72795900
2023-03-07,381.8004455566406,387.9358116155142,381.1869265041094,387.69614979307676,108310600
2023-03-08,382.4235534667969,383.1808636899206,380.1898891101756,381.91547162159134,74746600
2023-03-09,375.3679504394531,384.87774493306273,374.38054484861016,383.20967866619384,111945300
2023-03-10,369.9515380859375,376.9017301661393,368.42729257488133,374.82145290553643,189253000
2023-03-13,369.42425537109375,374.2462786691214,364.9090354410611,366.02106965683873,157790000
2023-03-14,375.5308532714844,377.1797275163049,371.0443624389147,374.3517067617082,149752400
2023-03-15,373.1822204589844,373.38352820078774,367.84254796683757,369.9324213189262,172996900
2023-03-16,379.7297668457031,380.0748950855989,370.31587262158683,370.82395451887174,143254200
2023-03-17,375.2896423339844,379.53341458067706,373.90391958538095,378.39790074611807,140553400
2023-03-20,378.8983154296875,379.3121292855333,375.3666692245707,376.06913373609086,93055800
2023-03-21,383.8734436035156,384.3545965453815,380.6689485650316,382.26637985609574,91524200
2023-03-22,377.329833984375,387.3185760861018,377.2913628844689,383.70032508905524,111746600
2023-03-23,378.349853515625,384.2391613901428,375.636143615093,380.1974645439356,119351300
2023-03-24,380.8325500488281,380.9191540535127,374.7219018688471,377.0699305533351,107682400
2023-03-27,381.5447082519531,383.8831342228275,380.64977069262744,383.1132717788515,74010400
2023-03-28,380.6882629394531,381.54470001628135,378.850254938649,380.85183851528325,62871700
2023-03-29,386.2215270996094,386.46210360467114,383.65215710396006,384.8550396292689,77497900
2023-03-30,388.4829406738281,389.1084336951085,386.61606470017716,388.85822473969705,69840000
2023-03-31,393.95843505859375,394.2567475446969,389.30084855820127,389.40671748046964,112062600
2023-04-03,395.45965576171875,395.8638078292274,393.0442583450311,393.43880732243116,67391100
2023-04-04,393.26556396484375,396.39305813101834,391.8894442126204,396.10434874148575,66601500
2023-04-05,392.2358703613281,393.29441266985214,390.5807031245207,392.5341828254698,65200200
2023-04-06,393.7658996582031,394.0449765538222,390.3881970141403,391.4371067774601,63743300
2023-04-10,394.17010498046875,394.2471058980047,390.66732678096605,391.28318728502614,63681000
2023-04-11,394.2760314941406,395.6809900883233,393.50619840980073,394.7956849780574,59297900
2023-04-12,392.6689453125,396.6336706379783,392.08195275810823,396.34496122221753,86420400
2023-04-13,397.8846740722656,398.2407226034187,392.6112264732372,393.7563729944993,85814800
2023-04-14,396.9127197265625,399.44358917464797,394.6031912280039,397.24953269593004,78161500
2023-04-17,398.3369445800781,398.356180127704,395.59436663010166,396.82611712486937,66436400
2023-04-18,398.5967102050781,400.04980148093387,397.220619845255,399.9150645614992,63560000
2023-04-19,398.5293884277344,399.43392897608123,396.62401213094887,396.68174813685937,55227300
2023-04-20,396.3545227050781,398.1059263317623,394.80519507616737,395.7097648891914,75840400
2023-04-21,396.66253662109375,397.1244246963598,394.7090566567866,396.65290416377644,73457400
2023-04-24,397.0763244628906,397.4997414469219,395.12284448225694,396.46043453439125,64332100
2023-04-25,390.773193359375,395.6617241074058,390.7154573508528,395.1035702020275,97766700
2023-04-26,389.1180114746094,392.46684668077467,388.55988695720504,391.3890687387205,80447000
2023-04-27,396.8645935058594,397.1340379925136,391.4083059420538,391.65851488224934,92968400
2023-04-28,400.25189208984375,400.2615245465103,395.92151547329547,395.9792514788031,89433100
2023-05-01,399.8477783203125,401.8782298985706,399.6168049089298,399.8092778572073,62122300
2023-05-02,395.353759765625,399.1837478908785,392.4476064659251,399.1356149746384,103998500
2023-05-03,392.6401062011719,398.2696024994155,392.3995296872918,395.85420490253955,91531800
2023-05-04,389.8590087890625,391.91832822239473,388.5213894409254,391.59114772802405,94901900
2023-05-05,397.0763244628906,398.125234465571,393.2367329689119,393.4965450134205,87891800
2023-05-08,397.1820983886719,397.6632513030807,395.77714010142626,397.4034393015075,50046800
2023-05-09,395.4403991699219,396.55667765861574,395.2094551264847,395.63287211761855,49220100
2023-05-10,397.2879943847656,398.9142936957152,393.45800635276555,398.2791682813285,96142900
2023-05-11,396.5951843261719,396.8838643849846,394.5165998009732,396.4219762908843,70157100
2023-05-12,396.0754699707031,398.04821462684833,393.65046974768575,397.8365061605119,70481500
2023-05-15,397.44195556640625,397.8461075849292,394.766746430572,396.6817257085728,54289400
2023-05-16,394.7859802246094,397.25911334021237,394.7763477684629,396.33527856748293,57705500
2023-05-17,399.578369140625,400.18459731007454,395.16138770255606,396.8069228969932,87287000
2023-05-18,403.427490234375,403.8509071558303,399.0393779276958,399.26068947715396,97177200
2023-05-19,402.8404846191406,404.8613328497813,401.61836671819003,404.33207636027197,103793300
2023-05-22,403.0041809082031,404.5438765457276,401.6184577711563,402.8598408662715,60745400
2023-05-23,398.4812927246094,402.9367742560176,398.08674373587735,401.35857830108944,86383500
2023-05-24,395.5943603515625,397.25916026310097,394.42997834283796,396.8742437459542,89213700
2023-05-25,399.0201721191406,400.4732635587891,396.8646161031706,399.1067761340057,90961600
2023-05-26,404.187744140625,404.90947362025605,399.59755522238083,399.67452677861917,93830000
2023-05-30,404.3417053222656,406.6512337191027,402.955982410714,406.1219771957275,72216000
2023-05-31,402.09954833984375,403.41790279671176,400.5309849376734,402.51333285149997,110811800
2023-06-01,405.919921875,406.9784643429913,401.07952389464964,402.33050994129945,88865000
2023-06-02,411.7899475097656,412.579016016894,407.96959196903765,408.49884845924817,91426200
2023-06-05,411.0008544921875,413.4258547804784,410.298360615152,412.13636840253633,65460200
2023-06-06,411.89581298828125,412.4250695118066,409.9327006351518,410.5870909976928,64022200
2023-06-07,410.47161865234375,413.42590516438145,410.04820165667223,412.2903911156484,85373300
2023-06-08,412.954345703125,413.4066306619177,409.76911544531237,410.5389484373123,61952800
2023-06-09,413.6953430175781,415.7065590310339,412.70416901348756,413.7530790281272,85742800
2023-06-12,417.4482727050781,417.52527361997466,413.9551270818145,414.67685648093624,76104300
2023-06-13,420.2005615234375,420.84529012852545,418.247081424966,418.9110749460117,95899700
2023-06-14,420.700927734375,422.5100677032549,417.2462527373111,420.53735216092747,100612100
2023-06-15,425.91656494140625,427.16755076971987,419.78668152163175,419.8828886105457,110303100
2023-06-16,424.46588134765625,428.474279953013,423.9926092848296,427.904413934663,114165800
2023-06-20,422.263671875,423.41307214231983,420.1870344889163,422.52447850076925,76160400
2023-06-21,420.10009765625,422.08014103507514,419.5108951805997,421.2784731312149,76982300
2023-06-22,421.6164855957031,421.722718296799,418.80576994281824,419.1438339963334,70637200
2023-06-23,418.4290466308594,420.2159312951656,417.71430455566934,418.1586012935174,92074500
2023-06-26,416.7195739746094,419.78139930455546,416.47810379821374,417.85930613287513,72823600
2023-06-27,421.2881164550781,421.9062646558956,417.1444807996532,417.59844581995696,72813700
2023-06-28,421.5006103515625,422.5147730975973,419.58815632826764,420.2063045276252,75636000
2023-06-29,423.1619567871094,423.32616946695146,420.6796659223557,421.08531928799687,67882300
2023-06-30,428.15545654296875,429.1406439257068,426.05948313470634,426.378240168992,104964000
2023-07-03,428.648193359375,428.92827753238817,427.5277682383053,427.8078818876575,32793400
2023-07-05,428.0106201171875,428.7446987114959,426.8225765200303,426.83224475721846,58418400
2023-07-06,424.6590270996094,425.08401688065084,422.1477318870011,424.42722521043544,80658300
2023-07-07,423.5868835449219,427.5373607483118,423.3454134187473,423.66417049204466,86134200
2023-07-10,424.6590270996094,424.8328785164898,422.6596473764828,423.2295133382579,62443500
2023-07-11,427.3634948730469,427.8561033801802,424.4465462578362,425.4220950342892,64463800
2023-07-12,430.8020324707031,432.2122392972248,429.729919208418,431.15943303446664,91924500
2023-07-13,434.22125244140625,435.0132815571351,432.18325865422753,432.617887210663,72425200
2023-07-14,433.9507751464844,435.9597935487755,433.1877213239847,435.109843497716,69815800
2023-07-17,435.4576110839844,436.5104174127122,433.7576517763609,433.80596349270843,52680200
2023-07-18,438.6932678222656,439.3403912522435,434.69450839296843,435.1291664096603,80668200
2023-07-19,439.6688232421875,440.85683741354967,438.61598753921226,439.4853035858035,65891700
2023-07-20,436.75189208984375,439.57227647249636,436.0371498627965,438.6740145693688,70591600
2023-07-21,436.75189208984375,438.6740145693688,436.742253327544,438.4711584160143,71275600
2023-07-24,438.7029113769531,439.51424741630717,436.86771494424903,437.90121409817567,54023400
2023-07-25,439.9006042480469,441.156237070321,438.3841648336445,438.4324765430136,55191200
2023-07-26,439.96826171875,441.39774607749916,437.91093141721467,438.9637376866275,71052900
2023-07-27,437.0513000488281,443.7641819600167,436.1433699333953,443.35849914141073,92194400
2023-07-28,441.33013916015625,442.16078225681895,437.05126606431355,440.3256151682766,80011800
2023-07-31,442.1704406738281,442.52781174126136,440.4897885662861,441.8034013690048,62040400
2023-08-01,440.9051513671875,441.6488687577706,439.94890960634154,440.70229523457317,55291500
2023-08-02,434.7718505859375,438.0461705780349,434.01846487725106,437.7853934206833,93933400
2023-08-03,433.52581787109375,435.4092967139093,432.10597229878186,432.7531252299224,64276100
2023-08-04,431.56512451171875,437.44733404641704,431.04354071502667,435.34172133475255,100128900
2023-08-07,435.3320007324219,435.4865451527169,432.7048045400754,433.40023969323573,58357500
2023-08-08,433.43890380859375,435.32238270202885,430.07762882885913,432.7917508600607,71361300
2023-08-09,430.5412292480469,433.8735287355085,429.7781754061016,433.70931608230507,78789600
2023-08-10,430.6957092285156,436.2881646931029,429.52700226158197,432.89791524144357,93005500
2023-08-11,430.4446105957031,431.45880273974404,428.22309738246776,428.8219385368356,68690900
2023-08-14,432.82073974609375,432.82073974609375,429.21802398769285,429.52711285274876,47867400
2023-08-15,427.7788391113281,431.40089107368914,427.2089436634091,431.0434905199487,75707500
2023-08-16,424.63970947265625,429.0247856402229,424.53344729188865,427.3634700312785,80107200
2023-08-17,421.4040222167969,426.3686327842003,420.8824384802807,426.1078556541094,95711300
2023-08-18,421.6068115234375,422.64031066724186,418.23589822455375,418.58360103387196,98852000
2023-08-21,424.3499450683594,425.09366245894176,420.4671159807588,422.6210106803204,68719000
2023-08-22,423.2005310058594,426.1271477129419,422.6403332909712,426.1271477129419,64994200
2023-08-23,427.9140319824219,428.53220964419495,424.1181287339091,424.263004912033,68441000
2023-08-24,421.98358154296875,430.0293538199984,421.95457682823127,429.51743829068363,88517300
2023-08-25,424.95849609375,426.2431043443279,420.15806824986475,423.712501844876,102325100
2023-08-28,427.65325927734375,428.2714074691659,424.95844443108183,427.1509825528838,61595400
2023-08-29,433.8348693847656,434.1149829705276,427.3634585355922,427.5469781804364,83081900
2023-08-30,435.621826171875,436.2593109157671,433.4679017861337,434.1730052474849,69053900
2023-08-31,434.98431396484375,437.3796788770793,434.8007943012341,436.2399468961714,66084600
2023-09-01,435.795654296875,438.19104870854676,434.337165211912,437.7081084262502,58944100
2023-09-05,433.91217041015625,435.6700800917991,433.84458117342785,435.35135247874024,55166200
2023-09-06,430.9952392578125,433.2071140684911,428.6674634922226,433.1008518755981,70758500
2023-09-07,429.6719970703125,430.34809581436866,427.6436418854697,427.991344757898,70355400
2023-09-08,430.319091796875,431.85483833340237,429.3628794853081,429.72025057240546,61659700
2023-09-11,433.1491394042969,433.4581987746905,431.23668532604137,432.94628326819304,60180100
2023-09-12,430.7730407714844,433.2263855290798,430.19353604446763,431.70030728737913,67565400
2023-09-13,431.2752990722656,432.4343379531001,429.8940675950137,430.9951854819559,60199300
2023-09-14,434.99395751953125,435.6893927060478,432.4440481531944,433.74799281245487,83430800
2023-09-15,429.75299072265625,433.73677769771734,429.31682909931095,433.4072234999764,111848900
2023-09-18,430.00506591796875,431.30390776198857,428.9679210789831,429.4428625408151,55752200
2023-09-19,429.11328125,429.6754845917088,426.42836539622306,429.08420380682946,66514600
2023-09-20,425.1683349609375,430.79019131325117,424.9647632633325,430.3734047367829,82562600
2023-09-21,418.1409912109375,422.58031539562137,417.9859016455791,422.31861839300336,104095800
2023-09-22,417.20074462890625,420.7677155797648,416.7839285170148,419.16839709834846,100829700
2023-09-25,418.95513916015625,418.993889361631,415.55293063128704,415.9891218304828,70874500
2023-09-26,412.8001708984375,416.6191660672769,411.96656825523684,415.91157553365485,96168400
2023-09-27,412.9649658203125,414.5352365633177,409.320464597115,413.9730331962355,104705800
2023-09-28,415.3591003417969,417.0359784928409,411.8212066146307,412.4124874162186,92258300
2023-09-29,414.35107421875,418.5868563011905,412.82928558629357,418.4123916323294,115111300
2023-10-02,414.186279296875,415.43666857523283,411.42380373877234,413.51746849079825,83798600
2023-10-03,408.64190673828125,414.2443872113326,407.27520783651096,412.00533549021924,103760600
2023-10-04,411.61767578125,412.3640165843667,407.64359070503724,409.107224446792,87453000
2023-10-05,411.4625549316406,412.3058303467078,408.23484048426144,411.3268404794052,70142700
2023-10-06,416.3477783203125,417.8889419596687,407.68234534407696,409.01026454136644,113273300
2023-10-09,419.0133361816406,419.5852123041229,413.8954989431742,414.44797038266114,80374400
2023-10-10,421.1942443847656,423.7919280682824,419.2459668319729,419.643378299873,78607300
2023-10-11,422.9195556640625,423.1715503152822,419.8759785243393,422.2604472219357,62451700
2023-10-12,420.3412170410156,423.9081879098467,417.9858555363506,423.5301811699864,81154200
2023-10-13,418.24755859375,423.0455435777595,416.67731756779995,421.8436069564154,95143100
2023-10-16,422.64813232421875,423.71435449669224,420.25399100160854,420.4963128780658,75433200
2023-10-17,422.62872314453125,424.68363748247594,419.1683892665842,419.51731856642147,75324700
2023-10-18,416.9971923828125,421.81455273319096,415.91159504982164,420.85496751569167,93559800
2023-10-19,413.3332824707031,419.52704410810907,412.6547989345063,417.71448112410957,121323000
2023-10-20,408.2542419433594,413.4399364601398,408.1476049268172,412.89713777676974,123919900
2023-10-23,407.5466613769531,411.4141390664612,404.9683527773846,406.72276099004836,92035100
2023-10-24,410.6192626953125,411.7727171708306,407.8180076603951,409.66935030950145,78564200
2023-10-25,404.72601318359375,408.9618247136512,404.21229195450024,408.9327472697519,94223200
2023-10-26,399.8795471191406,404.5127401955018,398.95874174042217,403.65979204119725,115156800
2023-10-27,398.0669860839844,401.8666061249316,396.64213226616755,401.46919469761593,107367700
2023-10-30,402.82623291015625,403.88275285179935,399.55973840849714,400.85858025181,86562700
2023-10-31,405.3560791015625,405.67593098866274,401.48860153022065,403.39809925222016,79665200
2023-11-01,409.6790466308594,410.49324455803196,405.79219440086933,406.32532025886866,98068100
2023-11-02,417.5302734375,417.68536297988317,413.45925429578176,413.478629395965,94938900
2023-11-03,421.339599609375,422.8904655764815,419.71120365505175,419.8372157670484,100167800
2023-11-06,422.3088684082031,422.75473237061436,420.3605910898025,422.0956239774314,67831700
2023-11-07,423.51080322265625,424.1505365569555,421.1651439105342,422.308896123232,64256100
2023-11-08,423.82098388671875,424.6351818841711,421.5140747704494,424.11175832141294,61746000
2023-11-09,420.5157165527344,425.0035227425126,420.08922765476564,424.9647429571584,83174400
2023-11-10,427.0777893066406,427.38796843360757,420.5060206531149,422.59001262842264,89462200
2023-11-13,426.67071533203125,427.7756878254619,424.95508691156584,425.74020750909324,52236100
2023-11-14,434.94842529296875,436.23756475568536,432.3894918898645,432.612438681597,97176900
2023-11-15,435.8692321777344,437.51703289700214,435.01625437389265,436.28601873814944,77327600
2023-11-16,436.40234375,436.72219562577186,434.3571316402488,435.42335386000235,66665800
2023-11-17,436.94512939453125,437.55578526494025,435.4911981146269,436.41200351038174,83133200
2023-11-20,440.30859375,441.1518692274426,436.6834380187307,436.69314036041027,69936200
2023-11-21,439.34893798828125,440.1825406267048,438.0791737195552,439.2617056622207,49244600
2023-11-22,441.0451354980469,442.363381724075,439.9498655998949,441.0063853004457,59394900
2023-11-24,441.3166198730469,441.51048921964684,440.7641484378246,441.0937026627971,29737400
2023-11-27,440.5218200683594,441.5007803874619,440.13408138085987,440.68658238826873,50506000
2023-11-28,440.95794677734375,442.2567884526749,439.5718727783306,440.13404650216097,62115000
2023-11-29,440.6477966308594,444.2438747206066,440.2504147680835,443.10979527762873,63146000
2023-11-30,442.3828125,442.7317713844543,439.4167950935211,441.491084558086,79752700
2023-12-01,444.9999084472656,445.53300475365734,441.18091323402564,441.77216442546705,89183400
2023-12-04,442.6639099121094,445.019271433423,440.3860783753154,441.60739008872554,72430900
2023-12-05,442.5766906738281,443.5362758597069,440.8998126034742,441.2778489374918,69793500
2023-12-06,440.793212890625,444.7478930540511,440.35702166378525,444.718815610949,69124700
2023-12-07,444.1566467285156,444.80605282503006,442.27622650644105,442.87718005735604,66995400
2023-12-08,446.066162109375,446.59925845337557,443.167972091833,443.4102939900714,83194400
2023-12-11,447.80108642578125,447.9755806426955,445.35849277233257,445.57173718829034,65002200
2023-12-12,449.8463134765625,449.9432481380579,446.45380738636266,447.4521722811235,68327600
2023-12-13,456.04974365234375,456.30176785417245,449.8656850098202,450.2243166322346,93278000
2023-12-14,457.5133972167969,459.1805728813377,454.83815428105993,457.9883386207796,119026000
2023-12-15,456.7601013183594,458.0934340813363,454.9109942306135,456.9158196636758,141553700
2023-12-18,459.3294677734375,460.3124269591709,457.30518842783584,458.3659919459903,70375300
2023-12-19,462.12255859375,462.2004326198957,459.79658439176796,459.8744287176748,55761800
2023-12-20,455.71881103515625,463.15417688283,455.2905929826461,461.26613266046417,102921000
2023-12-21,460.0398864746094,460.31238616429494,456.28325178797456,458.7065536605437,86667500
2023-12-22,460.96441650390625,462.6480933014032,459.06666039020405,461.1687838422537,67160400
2023-12-26,462.9108581542969,463.8159432234597,461.2953136791012,461.373187704544,55387000
2023-12-27,463.74786376953125,463.893840449239,462.1712562282074,462.70651395388256,68000300
2023-12-28,463.92303466796875,464.75998742977106,463.5045582870676,464.10794836189996,77158100
2023-12-29,462.5799865722656,464.2539217843669,460.62380998189565,463.72837604213146,122283100
2024-01-02,459.9912109375,460.9839117212058,457.8890577311239,459.5143439023402,123623700
2024-01-03,456.2345886230469,458.57030441924957,455.6311985932203,457.8306496986943,103585900
2024-01-04,454.7650451660156,458.3464782249613,454.5411944622418,455.7577162648923,84232200
2024-01-05,455.3879089355469,457.84040614563645,453.93779478135224,454.96940287212124,86118900
2024-01-08,461.8890380859375,462.0350147729897,455.75774992757283,455.8842729564319,74879100
2024-01-09,461.18829345703125,462.2101599071882,458.72605447786003,459.23211686361327,65931400
2024-01-10,463.7965087890625,464.66268658164086,461.1785514545196,461.4607928330298,67310600
2024-01-11,463.5920715332031,465.31465547972425,459.611616299549,464.7988514934619,77940700
2024-01-12,463.9132995605469,465.78189018349474,462.50215203979474,465.0422353972928,58026400
2024-01-16,462.21014404296875,463.8451421871986,460.39023221216354,462.53132242501596,85014900
2024-01-17,459.6408996582031,460.12750840636863,457.28570024897624,459.183486246918,68843900
2024-01-18,463.7283630371094,464.28310409945385,459.7673906749951,461.314802822399,91856200
2024-01-19,469.5092468261719,469.7914881784232,463.7770119836413,464.85726900395974,110834500
2024-01-22,470.5019836425781,472.22456782073624,469.8499148891261,471.0469830334159,75844900
2024-01-23,471.8741760253906,472.1174803762762,469.956966252641,471.0469649925702,49945300
2024-01-24,472.3899841308594,475.6794338281553,471.89363377790727,474.745153487513,81765000
2024-01-25,474.95928955078125,475.23178923650255,472.3900110425858,474.52132983790426,72525000
2024-01-26,474.3559265136719,476.0201200569098,473.509232074134,474.53109852869903,76641600
2024-01-29,478.1125183105469,478.2585246858996,474.12235058965683,474.66734997690736,61322800
2024-01-30,477.7427062988281,478.4531359964777,476.983568210537,477.421527922976,58618400
2024-01-31,469.9472351074219,475.98116532447904,469.9277517507619,475.5334936248827,126011100
2024-02-01,476.09796142578125,476.1271567596163,470.8425637335658,471.65035080339914,91891600
2024-02-02,481.11004638671875,482.7644982110768,476.1952805049677,476.53591254829524,99228200
2024-02-05,479.35821533203125,481.13921979443177,477.10037355108614,480.47743909484853,75757100
2024-02-06,480.74993896484375,481.0808293147646,478.871606822303,480.3022375794468,55918600
2024-02-07,484.7596130371094,485.17808940845316,482.0929770540646,482.9980918458816,70556500
2024-02-08,484.97369384765625,485.3532331832338,483.94208579679537,484.7595848352,52343600
2024-02-09,487.7765197753906,488.2144497376777,485.1390795237111,485.47971151675756,63979400
2024-02-12,487.5624694824219,490.01496666720067,486.84226840178366,487.7473831666172,56502300
2024-02-13,480.8472595214844,483.776653518952,477.5772631803255,481.28521924942925,113099200
2024-02-14,485.21697998046875,485.7035886541278,481.158650574048,483.48465429025185,68387800
2024-02-15,488.56488037109375,488.74979405458623,485.4408311080291,485.91772783399097,61683000
2024-02-16,486.1318359375,489.4018321652925,485.39218120492103,488.26318443249403,75532900
2024-02-20,483.4555358886719,485.06133882722617,481.20740583464766,484.3898163747004,71736700
2024-02-21,483.8934326171875,484.0491509708409,480.3411949189208,482.15139479243277,59293400
2024-02-22,493.9078674316406,494.87134322560775,489.5478424615369,490.51134795574427,76402500
2024-02-23,494.2484436035156,496.4673780025352,493.51853058146656,495.6303956264625,61321800
2024-02-26,492.4382629394531,495.12435246871587,492.3117399253592,494.6863927584272,50386700
2024-02-27,493.3531188964844,493.5769696039291,491.2315119659273,493.1292978892794,48854500
2024-02-28,492.7010498046875,493.28495648375826,491.4358493661455,491.7959350516518,56506600
2024-02-29,494.4722595214844,496.08780389109205,491.81539515660484,494.4625475441177,83924800
2024-03-01,499.11456298828125,499.54278105732834,494.93948136543304,495.3482457768837,76844800
2024-03-04,498.5792541503906,500.42839094094944,498.28730081516426,498.31652584892447,49799300
2024-03-05,493.5964050292969,497.0221493633574,491.38721217314117,496.5744479650044,72855600
2024-03-06,496.0975646972656,498.3554361707815,494.8031986362925,496.8761267293977,68382400
2024-03-07,501.0220947265625,502.07318625015404,496.1560072661152,499.396838146908,58652100
2024-03-08,498.01483154296875,504.3407152276024,497.4406368151398,501.6546849790431,86532500
2024-03-11,497.5865783691406,498.1705147342669,494.881035254285,496.80801634913047,62557200
2024-03-12,502.9393615722656,503.5232683044219,497.1778712794107,499.6985307075949,73114400
2024-03-13,502.1509704589844,503.43562459877114,500.7106276661075,503.2604525888654,55104100
2024-03-14,501.1583557128906,503.2799627018452,498.11218023321516,503.1242146399968,110171800
2024-03-15,497.71710205078125,499.5426983558434,496.04773772547895,498.08807852140865,107646300
2024-03-18,500.6750793457031,503.23282668542583,500.26507469946,501.78800868482955,88893300
2024-03-19,503.4573974609375,503.7404859733711,498.9764238973626,499.9819809876235,60755300
2024-03-20,508.114013671875,508.2507017437704,502.8423468084039,503.5159556369905,69594600
2024-03-21,509.7931823730469,511.6577769054798,509.5100342818405,510.9549118204902,60256100
2024-03-22,508.82672119140625,510.19342318455074,508.59237324097523,509.7053025616341,79070800
2024-03-25,507.4209289550781,508.57288646937474,507.26469698888116,507.45018520809214,48512100
2024-03-26,506.4836730957031,509.1878801721596,506.08344043810223,508.8461600156402,65463700
2024-03-27,510.7401428222656,510.77923060858313,507.1475819984231,509.3148686626399,82999800
2024-03-28,510.64251708984375,512.1459071621757,510.359428578344,510.7792051650659,96294900
2024-04-01,509.75408935546875,511.92137584867254,508.5923599199536,511.38445509453464,62477500
2024-04-02,506.5130615234375,506.6496900205949,504.20908677438206,505.9272809933223,74230300
2024-04-03,507.0693664550781,508.57281589215825,505.3707164648958,505.41951660317136,59155800
2024-04-04,500.8801574707031,511.42355215213394,500.57752503507555,511.08189151305373,96858100
2024-04-05,506.11273193359375,508.0749863325785,501.7977623960231,502.2370828649808,74546500
2024-04-08,506.3957824707031,507.8211160052217,505.5855452146359,506.815618601476,48401800
2024-04-09,506.98150634765625,508.3775238909994,502.12955737258744,508.13346362988995,68049200
2024-04-10,501.9051818847656,503.8966927238286,499.92344299249396,501.2803731405352,82652800
2024-04-11,505.6929626464844,507.13778061540546,499.9136311857634,503.42807581801776,70099000
2024-04-12,498.71282958984375,503.56474960986543,496.9848635757255,502.14918793409277,92561100
2024-04-15,492.4648742675781,503.05706721719804,491.6155194168172,502.8911229007107,92101400
2024-04-16,491.5667419433594,494.4661795680653,490.27809637848605,492.94324564322153,73484000
2024-04-17,488.65753173828125,494.1928325755386,487.26151394107353,494.0268584590965,75910300
2024-04-18,487.6519775390625,492.1524648158817,486.714794359639,490.0535522630773,74548100
2024-04-19,483.3956298828125,488.56969668668467,482.1264983587833,487.57394131853926,102212600
2024-04-22,487.8473205566406,490.4441260798556,483.65923689240304,486.00221013520326,67961000
2024-04-23,493.6363830566406,494.0659315908711,487.6617913619136,489.85833417865257,64633600
2024-04-24,493.402099609375,495.31552414024065,491.1762707245871,494.52477110173174,55928100
2024-04-25,491.5277099609375,492.2891769636512,485.67026231159537,487.32011244956163,69122400
2024-04-26,496.1843566894531,497.765862650216,493.68518162682494,494.3197324417275,64306100
2024-04-29,497.9415588378906,498.6151676151332,495.198323588402,497.9708448807049,46415400
2024-04-30,490.0535583496094,497.45345338662946,490.0535583496094,496.47721220645434,77483600
2024-05-01,488.46234130859375,496.11606953951656,487.9937347584278,489.46786865773555,80242800
2024-05-02,493.0311279296875,493.8707109149056,487.68131503899394,492.17203084435516,62550200
2024-05-03,499.1424255371094,500.37246932338707,496.4772760472205,499.01550940056416,72756700
2024-05-06,504.29693603515625,504.3359642334882,501.1046081667102,501.54392863434595,47264700
2024-05-07,504.8534240722656,506.2494419365131,504.17981521335923,505.2634287213709,52561300
2024-05-08,504.9022216796875,505.43914245784595,502.90093900562147,503.018083190491,42047200
2024-05-09,507.8114013671875,507.8504891521531,504.4336447297941,505.08770969254925,43643700
2024-05-10,508.46551513671875,510.22273745681827,507.2452135831723,509.4124405414531,52233200
2024-05-13,508.5337829589844,510.2519770237958,507.3915974260266,510.1446047910038,36716400
2024-05-14,510.8670349121094,511.3844713761404,508.19214341702855,508.72906418826113,57535900
2024-05-15,517.193115234375,517.4859756907869,512.7023697575905,513.3369504006804,59504900
2024-05-16,516.1290283203125,518.891807952925,515.9825682875961,517.290757880065,50244800
2024-05-17,516.8709716796875,516.9393157213522,514.7915729298934,516.246162943074,59187600
2024-05-20,517.4664916992188,518.9308537358257,516.5976225904213,516.9881429675341,37764200
2024-05-21,518.7355346679688,518.8917666350982,516.4999636631139,516.7049957755823,33437000
2024-05-22,517.241943359375,518.7551054535538,515.0648847480338,518.0424683735625,48390000
2024-05-23,513.4638061523438,520.4048662857896,512.2532170997966,520.2974940619036,57211200
2024-05-24,516.8611450195312,517.6714419020187,514.3619699226733,515.3088952889863,41291100
2024-05-28,517.2224731445312,517.9058540671648,514.5866093486868,517.6715656559873,36269600
2024-05-29,513.6005249023438,514.7817983278129,512.8878878194378,513.1905202395113,45190300
2024-05-30,510.1934814453125,512.7219727781743,508.9439234921737,512.0581358054062,46377600
2024-05-31,514.84033203125,514.9672481577884,506.0443890267406,511.15017117084983,90785800
2024-06-03,515.2601928710938,516.7343269011582,510.1837257344974,516.4512383491438,46835700
2024-06-04,515.8360595703125,516.5780123549347,512.4875596797398,513.9519213593795,34632700
2024-06-05,521.9668579101562,521.9864018010747,516.1679828855217,518.1595530381444,47610400
2024-06-06,521.9572143554688,522.6991673724779,520.0242754001383,522.2696187618435,30808500
2024-06-07,521.322509765625,524.1340888487662,519.8874043907796,520.980789635887,43224500
2024-06-10,522.933349609375,523.255525898201,519.916797584573,520.5122904328304,35686100
2024-06-11,524.1926879882812,524.2512600728273,519.4090826052437,521.3811087600108,36383400
2024-06-12,528.4979248046875,531.1923600659605,527.4631115100716,528.7615289974312,63251300
2024-06-13,529.56201171875,530.4211086780596,526.7699763935087,530.2453924252503,44760900
2024-06-14,529.8843994140625,529.9136556753566,527.0239593332395,528.0295166969851,40089900
2024-06-17,534.1015014648438,535.49757872361,528.7419471638832,529.2008114818414,55839500
2024-06-18,535.4585571289062,535.585473259027,533.7403629842298,534.16013957423,41376400
2024-06-20,534.00390625,537.0497738552268,532.2271402161125,536.3859370269113,70328200
2024-06-21,533.2880249023438,534.4045446160707,531.828742363983,533.1803062748603,64338600
2024-06-24,531.5545043945312,535.6777608035513,531.4369822915095,533.1117619254674,45528700
2024-06-25,533.6014404296875,533.9638101987721,531.260682360104,532.7787259572508,37936200
2024-06-26,534.2673950195312,534.9823310545671,531.8385253727439,532.4848968900385,38550600
2024-06-27,535.1097412109375,535.6876080791019,533.3860038559784,534.1303504208262,35041500
2024-06-28,533.0039672851562,538.9391321933387,531.7601817698417,535.8833782760337,76144500
2024-07-01,534.1009521484375,534.6298016081159,531.3390631933655,534.3849539324244,40297800
2024-07-02,537.6952514648438,537.6952514648438,532.4457321114778,532.4946896868087,40434800
2024-07-03,540.0947265625,540.45709627868,537.3426415471238,537.3817956487566,32789900
2024-07-05,543.2092895507812,543.6108134486142,539.7618150479054,540.3984429341523,41488400
2024-07-08,543.8361206054688,544.786100933334,542.7685583933277,543.9927968223914,36110500
2024-07-09,544.3649291992188,545.6968861634513,544.0711239537649,544.795863484972,27289700
2024-07-10,549.7516479492188,550.0944108163902,545.2954317896393,545.5892370725392,38701200
2024-07-11,545.0112915039062,550.7407626908513,544.3747234457534,549.8690906630567,53054200
2024-07-12,548.448974609375,552.0531251206323,545.667538567234,546.1376269625789,53084400
2024-07-15,549.9572143554688,553.1989947445371,548.0963483653211,550.4469096394806,40584300
2024-07-16,553.2185668945312,553.5123721227574,550.5154392403327,551.2695891404957,36475300
2024-07-17,545.4619140625,548.9583463886919,545.1386983611491,547.2835666023501,57119000
2024-07-18,541.2699584960938,547.9886231424467,539.0859366844549,546.9994291163081,56270400
2024-07-19,537.6757202148438,542.6608454522978,536.6179614633988,541.0350233261719,65509100
2024-07-22,543.2191162109375,543.8263337080781,539.6639229224022,541.6030975244146,43346700
2024-07-23,542.3670043945312,545.2659625762393,541.8773090500791,543.111291105197,34439600
2024-07-24,530.0755615234375,537.8519253696913,529.1549319575545,537.5483166712224,74515300
2024-07-25,527.313720703125,536.177254363603,526.3735438881854,530.1931317534066,61158300
2024-07-26,533.219482421875,535.9128068838628,530.3302678617441,531.1040247828195,53763800
2024-07-29,533.5328979492188,535.7756811771844,531.5349026238763,534.7669398202207,39515800
2024-07-30,530.8297729492188,536.059745722708,527.4215123549488,535.0019870020752,46853600
2024-07-31,539.4581909179688,542.0927543010554,536.2947780748914,537.6658891932146,65663400
2024-08-01,531.8189086914062,543.4344670666311,528.3126735436618,541.1818806021787,76428700
2024-08-02,521.9172973632812,525.9229716163323,517.705869778205,524.7085367838448,82789100
2024-08-05,506.7171630859375,512.7893973566776,499.75367969518885,501.0954700551791,146267400
2024-08-06,511.38885498046875,518.8322000557341,507.19703427938214,508.5191877541787,84826300
2024-08-07,507.9707336425781,520.6343074860769,507.3733196862517,517.5785536304185,70698300
2024-08-08,519.713623046875,520.3403875727178,511.08519462973396,513.1124804789883,63276600
2024-08-09,522.00537109375,523.4940638910218,517.6666780356554,518.8909162499233,45619600
2024-08-12,522.2797241210938,524.6889871074426,520.0075304089534,523.2003538167259,42542100
2024-08-13,530.8688354492188,531.1039393955512,525.2275960596088,525.4724436986064,52333100
2024-08-14,532.543701171875,533.728785456597,528.9885080949739,531.6622256176499,42446900
2024-08-15,541.671630859375,541.9556326474029,537.5679813653051,538.1751988274788,60846800
2024-08-16,542.8860473632812,543.5814362683599,539.8989177341498,540.0555939415091,44430700
2024-08-19,548.0768432617188,548.0768432617188,542.4453464492109,543.2974116195307,39121800
2024-08-20,547.185546875,549.2814571312036,545.8437865187526,547.6262846058479,33732300
2024-08-21,549.0659790039062,550.5252615016209,543.2973537542563,548.2335208659752,41514600
2024-08-22,544.7566528320312,551.5732334533072,543.5422179587766,550.9660160166799,56121500
2024-08-23,550.5448608398438,551.4850973665338,545.8045838781815,547.9984691071246,50639400
2024-08-26,549.2324829101562,552.2881770773529,547.528352675827,551.5732410031779,35788600
2024-08-27,549.9866943359375,550.4763897351174,546.8134777136145,547.9593482100599,32693900
2024-08-28,546.7938232421875,550.0748179978751,543.6009999526875,549.6438836929623,41066000
2024-08-29,546.8427734375,552.0629426061665,545.6969030561269,548.7624007293272,38715200
2024-08-30,552.0629272460938,552.5722295246512,545.657733766081,549.212926690368,62700100
2024-09-03,540.7020263671875,549.2520879225416,538.18498513228,548.9190687874888,60600100
2024-09-04,539.5953369140625,543.0035975400444,538.1360542845994,538.8607938634791,47224900
2024-09-05,538.282958984375,542.3866087950116,535.8246785314534,539.5366078915503,44264300
2024-09-06,529.2235107421875,540.231851947678,528.3224880929642,538.60608979078,68493800
2024-09-09,535.1488647460938,536.4221205223048,531.4957564364314,533.4251872668898,40445800
2024-09-10,537.479736328125,537.8323623685915,532.1812595780266,537.05860555086,36394600
2024-09-11,542.9937744140625,543.9144040618945,528.8318231688719,537.3916883108078,75248600
2024-09-12,547.5676879882812,547.8712967780783,541.3485198682388,543.5717563537934,51819600
2024-09-13,550.4273681640625,551.4263657909838,547.9201304028155,548.1747815451495,39310500
2024-09-16,551.2402954101562,551.5046902542234,548.360884321784,550.1629297590999,36656100
2024-09-17,551.4655151367188,554.9031859740162,549.2324757022386,553.4536471249235,49321000
2024-09-18,549.8300170898438,556.969754476821,549.2717571625421,552.1217580784818,59044900
2024-09-19,559.2125854492188,561.0734520318479,556.372387764013,559.2419958687066,75315500
2024-09-20,558.245849609375,559.2871857073619,555.2200568119598,557.8430941207945,77503100
2024-09-23,559.6408081054688,560.2892222272916,558.0984411315784,559.3166610051752,44116900
2024-09-24,561.2421264648438,561.3010677532865,557.6072537825559,560.4365555490466,46805700
2024-09-25,560.0042724609375,561.8217386948093,558.8941616149112,561.0849426444706,38428600
2024-09-26,562.2244873046875,564.5920921622151,559.866775948692,564.2678851150425,48336000
2024-09-27,561.4091186523438,564.1107043094071,560.3776161208616,563.295359810012,42100900
2024-09-30,563.6588134765625,564.2678934162012,558.078818569817,560.3775886747461,63557400
2024-10-01,558.609375,563.9536055755817,556.0355051968223,563.3052513338224,72668800
2024-10-02,558.8450927734375,559.866821742494,555.3183290115846,557.715374727311,38097800
2024-10-03,557.8234252929688,559.7685478192003,555.5344286086627,557.3715020969081,40846500
2024-10-04,562.892578125,563.2658929623027,558.09848649286,562.273664576873,42939100
2024-10-07,557.8037719726562,561.8905680396737,556.6543868115797,561.2421538745174,49964700
2024-10-08,563.0792846679688,563.6785911447381,559.5034126964732,560.3776986132091,37398700
2024-10-09,566.9793090820312,567.5392812736217,562.4700908869163,563.0693372819003,37912200
2024-10-10,565.9871215820312,567.4116060358193,564.3759797176003,565.6334738441669,44138100
2024-10-11,569.3763427734375,570.1131388058892,565.7709110163313,565.9084606662699,42268000
2024-10-14,574.0328979492188,574.9661849382893,570.5060744728205,570.9874382986001,36217200
2024-10-15,569.5728149414062,574.6026708937048,568.3545951743074,574.2981309420833,54203600
2024-10-16,572.0484008789062,572.5690988319416,568.7672362789522,569.5728070987392,30725400
2024-10-17,572.09765625,575.8013042765577,571.9109988172407,575.5949797580469,34393700
2024-10-18,574.2981567382812,575.0840605235142,572.3235337539761,573.787292295603,37416800
2024-10-21,573.3550415039062,574.5535342943244,570.378356688641,573.5711395635755,36439000
2024-10-22,573.050537109375,574.2097557683464,570.1622940232531,570.8204817447413,34183800
2024-10-23,567.8142700195312,571.4688092704015,564.3071139493308,571.0267196890029,49314600
2024-10-24,569.0423583984375,569.8479293354313,566.4193810527883,569.7693209618997,34979900
2024-10-25,568.8458251953125,574.1704478252901,567.9027646254573,571.2723713678375,47268200
2024-10-28,570.6043701171875,572.4512770786239,570.299830137409,572.3235609618828,30174700
2024-10-29,571.52783203125,572.6477165136779,568.2466070737139,569.6415908764491,42899700
2024-10-30,569.798828125,573.0505525749719,569.0914726763393,571.0562623128328,41435800
2024-10-31,558.6290283203125,565.4959588071013,558.4325373559277,565.4271839715354,60182500
2024-11-01,560.9866943359375,565.4173043933644,560.5741053167588,561.2617936558026,45667500
2024-11-04,559.7783203125,562.4209644478059,557.892139281839,561.1241962515347,38217000
2024-11-05,566.5470581054688,566.586332309216,560.4758658123077,560.6919638738422,39478300
2024-11-06,580.6345825195312,581.508928254242,575.0840880526238,578.8270097230293,68182000
2024-11-07,585.1240844726562,586.1458133207747,582.5600487330294,582.6386570968723,47233200
2024-11-08,587.6588134765625,589.0832980878612,585.674356571417,585.674356571417,46444900
2024-11-11,588.2186279296875,589.6037779981073,586.4896037587446,589.2501303160354,37586800
2024-11-12,586.3914184570312,588.739296212128,583.9059310932324,588.1400498376755,43006100
2024-11-13,586.67626953125,588.6803330522652,584.4855486263699,586.853093374815,47388600
2024-11-14,582.9039306640625,587.2854330583992,582.2163022724781,586.804069200042,38904100
2024-11-15,575.4376831054688,579.8093514182389,573.580942771995,579.3377611991996,75988800
2024-11-18,577.7954711914062,579.1118465214918,575.0349444617987,575.8993966406199,37001700
2024-11-19,579.9076538085938,580.6346163861505,573.7480790226593,574.4161003090796,49412000
2024-11-20,580.1040649414062,580.3889378159292,574.3374129030207,579.9861823753545,50032600
2024-11-21,583.21826171875,584.6427460672937,577.1077952881657,582.953055915256,46750300
2024-11-22,585.02587890625,585.6546259064262,582.7074417987914,583.2084127301733,38226400
2024-11-25,587.0103759765625,590.281707390563,584.7213793724078,588.9653319760873,42441400
2024-11-26,590.075439453125,590.7434606979054,587.5408441710033,588.2579731618996,45621300
2024-11-27,588.2875366210938,590.2719334846958,586.7648365651586,589.888845055581,34000200
2024-11-29,591.9419555664062,592.7278593888155,588.8277809402925,589.1028202958577,30177400
2024-12-02,593.0029907226562,593.6808455477146,591.8633791521069,592.3545765627109,31746000
2024-12-03,593.2779541015625,593.5235527754064,591.735647195163,592.7671496331845,26906600
2024-12-04,596.9619750976562,597.2075737883222,594.2997236656325,594.9677449089698,42787600
2024-12-05,595.9796142578125,597.7675800229049,595.6259665136723,596.9620090763937,28762200
2024-12-06,597.109375,598.3472020292826,596.333304701608,596.7458937244957,31241500
2024-12-09,594.0344848632812,597.1584931551176,593.445071963169,596.9915028268559,34742700
2024-12-10,592.1875,595.1346840344664,591.5293123546073,594.7122615181331,37234500
2024-12-11,596.765625,597.7185192678439,594.8401094183695,595.1152087702993,28677700
2024-12-12,593.690673828125,596.4708079758578,593.690673828125,595.9010621562538,31543800
2024-12-13,593.57275390625,596.4413297893211,592.1973772710232,595.7242008087076,35904700
2024-12-16,596.1072998046875,597.0799209921157,594.5551592425911,595.3312295236393,43695200
2024-12-17,593.6512451171875,594.5157572113583,592.2759285750876,593.5530296358272,55773500
2024-12-18,575.9584350585938,595.7339866328443,575.5752867073982,593.3467745348553,108248700
2024-12-19,575.7815551757812,582.5601031255708,575.5359564813775,580.948961299734,85919500
2024-12-20,582.6973266601562,587.2315284125533,572.6036951737447,573.451443984787,125716700
2024-12-23,586.1866455078125,586.7879087972127,579.2571372355378,582.4409930028329,57635800
2024-12-24,592.7020263671875,592.7414929129372,586.9553724289615,587.5369625170155,33160100
2024-12-26,592.7416381835938,593.8652919269226,589.5282423631364,590.9279213446937,41219100
2024-12-27,586.5020751953125,589.2324867459512,582.3128451341881,588.9958679237085,64969300
2024-12-30,579.8091430664062,583.278830614674,576.0536238226567,579.4839049805771,56578800
2024-12-31,577.6997680664062,582.194563069081,576.0634704063194,581.4749602926895,57052700
2025-01-02,576.2802734375,582.6774635941151,572.1994566718678,580.9623534016539,50204000
2025-01-03,583.48583984375,584.1265095290074,578.0447499447286,579.129057366777,37888500
2025-01-06,586.8470458984375,591.1250155334773,585.1122021784661,587.7440676720806,47679400
2025-01-07,580.2132568359375,589.2028462645713,578.3897338233832,588.877548048508,60393100
2025-01-08,581.0609741210938,582.1354148697908,576.8323377526707,580.282291853868,47304700
2025-01-10,572.189697265625,577.5716476388544,570.2774344732991,577.5026413332764,73105000
2025-01-13,573.076904296875,573.4317423327336,567.1232298261107,567.5372676970464,47910100
2025-01-14,573.8653564453125,576.6351742776535,570.0802375478183,576.0043111010004,48420600
2025-01-15,584.303955078125,585.4473419377294,580.7751281246863,581.8889752343268,56900200
2025-01-16,583.1802368164062,585.8514484014332,582.4803673486446,585.6740294157521,43319700
2025-01-17,589.0353393554688,590.7898562052613,587.0934767089387,588.4242094250709,58070600
2025-01-21,594.4271240234375,594.4369906618805,590.1097477554644,592.0811502463223,42532900
2025-01-22,597.7686157226562,599.1288881406504,596.7040416210903,597.2560318658977,48196000
2025-01-23,601.03125,601.03125,596.8617535693179,597.1377185948221,41152100
2025-01-24,599.276611328125,602.0464889090003,598.1233579973735,601.0903276493815,34604700
2025-01-27,590.7998046875,591.1152363343746,586.1374566222338,586.3050090037989,70361100
2025-01-28,595.8760986328125,596.7139205737208,588.7100317776161,592.0318399526346,44433300
2025-01-29,593.2048950195312,595.4917292475947,590.651902189354,595.0875580249451,37177400
2025-01-30,596.3886108398438,597.9263022497843,592.130374590218,595.3240968992558,39281300
2025-01-31,593.2146606445312,601.2382822731704,592.4556515232641,598.8134358374799,66566900
2025-02-03,589.2225952148438,591.7065212004032,582.0466619706364,584.1954832564219,65857200
2025-02-04,593.17529296875,593.6878166788046,588.7396375989994,589.281761222817,33457800
2025-02-05,595.580322265625,595.7282015036632,590.021013481686,592.0515554519985,30653100
2025-02-06,597.6503295898438,597.778475552574,594.013089933138,597.3250313642651,35771500
2025-02-07,592.1797485351562,599.4344951653416,591.4700123634921,598.2122352633725,50788500
2025-02-10,596.2012939453125,596.8420237335293,594.1214790365186,595.3930719758379,26048700
2025-02-11,596.65478515625,597.1969087784863,593.8159609148958,593.93424024475,30056700
2025-02-12,594.732666015625,595.9056528588447,589.9520392250456,590.6321754646003,45076100
2025-02-13,601.0115356445312,601.2185545419917,594.5749384975967,595.8366046698266,40921300
2025-02-14,600.9820556640625,602.2535886001177,600.3610590723445,601.2186143347305,26910400
2025-02-18,602.746337890625,602.746337890625,599.6808220007749,602.1450746766837,26749000
2025-02-19,604.165771484375,604.4614697835945,600.8439635712302,601.3565473981581,31011100
2025-02-20,601.6522827148438,602.9336821985821,598.3403412349714,602.7956695963146,36554000
2025-02-21,591.361572265625,601.5734221193063,590.8982614234848,601.435409514207,76519800
2025-02-24,588.670654296875,594.4074426853949,587.960918125522,593.4118748152965,50737200
2025-02-25,585.7429809570312,589.3408138460895,581.1299072733029,588.611404696781,58266500
2025-02-26,586.0387573242188,591.0067297705009,583.3970853838995,587.4088964020577,43321600
2025-02-27,576.6844482421875,589.4690234968429,576.290203877955,588.3157098294636,74196700
2025-02-28,585.683837890625,586.2160947948117,574.1117172840345,577.1870997219474,88744100
2025-03-03,575.4227905273438,588.798762606637,571.6081318173137,587.6553155599406,74249200
2025-03-04,568.6116333007812,577.0196942059655,564.0675647801556,571.420918082598,109648200
2025-03-05,574.7228393554688,576.5168224470933,564.8855623415612,568.4439286159911,71230500
2025-03-06,564.52099609375,571.874289065213,561.9680033325571,567.2513477016495,80094900
2025-03-07,567.6849975585938,569.1340095542192,557.5421542389136,562.7368186254731,81158800
2025-03-10,552.564453125,561.396298293426,547.6458132504099,559.4742288830657,99326600
2025-03-11,547.9710083007812,555.9552243228402,544.1268096197261,551.4012894751355,88102100
2025-03-12,550.8788452148438,555.0582088315019,545.7729200294035,554.1316472627199,69588200
2025-03-13,543.5352783203125,551.1153221105548,541.8201680493273,550.5041922476157,74079400
2025-03-14,554.762451171875,555.7678855775432,543.6043071486545,548.1582415612112,62660300
2025-03-17,559.0404052734375,561.5637976935186,554.3089918436672,554.742702735982,49008700
2025-03-18,552.9981079101562,556.9409127203818,551.0661118946721,556.7240271713574,66041400
2025-03-19,559.0206909179688,562.7860764826731,553.5993346617712,554.7821880592443,66556000
2025-03-20,557.4041137695312,562.4114922780789,554.5554231088431,555.2750258330774,62958200
2025-03-21,557.5880126953125,558.4877328401925,551.7054963570508,552.9413292589383,83763000
2025-03-24,567.5736083984375,568.6314886589248,563.7375780431137,564.3307537296456,58766800
2025-03-25,568.93798828125,569.8771730865459,567.1880294433175,568.7797678649376,38355700
2025-03-26,562.1458740234375,569.7981425644431,560.7617168790538,568.6710483477373,51848300
2025-03-27,560.6529541015625,564.4296669577193,558.5371935416607,560.7517966033342,42164200
2025-03-28,549.3623657226562,559.8521624781242,548.7790863172526,559.120558969836,71662700
2025-03-31,553.0501098632812,554.3551567474991,540.6719872727307,543.5984615291653,95328200
2025-04-01,554.6121215820312,556.559825628618,547.4047657676659,551.1320571376683,54609600
2025-04-02,558.1220092773438,560.9891058051336,548.5220362276616,548.7593065231022,76014500
2025-04-03,530.6171875,541.7594150841727,530.6171875,538.9318440966172,125986000
2025-04-04,499.5533447265625,519.9099817661254,499.3358369172059,517.7349036725598,217965100
2025-04-07,498.6635437011719,517.2405628900261,476.33944038650816,483.64569927250346,256611400
2025-04-08,490.8531188964844,519.0300819148135,483.6160734043612,515.9454474877983,165816600
2025-04-09,542.4022216796875,542.4022216796875,487.4620158912083,487.84761031664465,241867300
2025-04-10,518.6345825195312,527.4534689848499,503.5475251856576,526.1385259148457,162331200
2025-04-11,527.8884887695312,530.3502582115377,514.1756919605745,517.0823733080597,97866300
2025-04-14,533.009765625,538.1113174755011,527.8093712828247,537.883883195208,68034000
2025-04-15,531.5169067382812,537.0732068479572,530.7259857198238,533.5535570239268,56892900
2025-04-16,519.7023315429688,531.7937621429162,514.3931980244283,525.6541223320015,83484800
2025-04-17,520.44384765625,525.1499093262158,517.9721816819745,521.6599483491107,79868100
2025-04-21,508.0558776855469,515.7872559194974,502.69729269891565,515.2533374613439,69368100
2025-04-22,521.2743530273438,523.3011070538847,513.305704354498,514.2449494916972,75948100
2025-04-23,529.3516845703125,539.2482437222484,527.8291602174767,534.3049123051696,90590700
2025-04-24,540.4940185546875,541.2256220112762,529.3814182452572,530.6369834977514,64150400
2025-04-25,544.3992919921875,544.804618673288,537.5280483044934,540.454522631326,61119600
2025-04-28,544.6068725585938,547.2762839575454,538.8429907853031,545.1407910444296,47613800
2025-04-29,548.03759765625,549.1547955800734,542.3329728897722,542.6888783318544,47775100
2025-04-30,548.2550659179688,550.2126665027023,535.3826699025942,541.3640897959557,93101500
2025-05-01,552.1405029296875,557.6770710508032,551.5374308999284,554.0189932525213,63186100
2025-05-02,560.3365478515625,561.9381825044319,556.006184429092,558.3295262045715,60717300
2025-05-05,557.1233520507812,560.2277786911415,555.3338684753841,556.1940033222468,38659200
2025-05-06,552.4667358398438,556.9651555946843,550.6476235760448,551.6066009560054,48264700
2025-05-07,554.7901611328125,557.4298834610689,549.738030089525,553.8014947566288,55588000
2025-05-08,558.6558227539062,563.8463212534109,555.333918196641,558.8337754612519,65130800
2025-05-09,557.9439697265625,561.068128702691,556.381860066797,560.0596697605964,37603400
2025-05-12,576.3826904296875,576.3925867499299,570.5001125099544,574.8798979948203,78993600
2025-05-13,580.1890258789062,582.4036289948938,576.234360216526,576.7978469712151,67947200
2025-05-14,580.9305419921875,582.3047424874353,578.9037275086155,581.1480196448847,66283500
2025-05-15,583.7679443359375,584.2721134769878,578.4686469334371,578.9234551699535,71268100
2025-05-16,587.4655151367188,587.7621029517821,582.6012939394769,584.5489375445604,76052100
2025-05-19,588.108154296875,588.7903364922698,581.4346564328234,581.4346564328234,68168500
2025-05-20,586.130859375,587.3172711404261,582.9176935296509,586.3681900028125,60614500
2025-05-21,576.2540893554688,585.8639582409971,575.2258980125081,581.7708648204313,95197700
2025-05-22,576.4815063476562,579.971467292194,574.8204937262445,576.0563267018498,70860400
2025-05-23,572.5465698242188,575.2159811048424,569.0763411937487,569.4520392436427,76029000
2025-05-27,584.4501953125,584.6083553931982,571.8743267058999,579.4277528567243,72588500
2025-05-28,581.0689086914062,586.051826179252,580.3373051792158,584.8555180607121,68445500
2025-05-29,583.3626098632812,586.4769332279744,579.4277368161022,586.3385054465637,69973300
2025-05-30,582.7101440429688,584.4304140423015,576.6298211275496,582.2553357440712,90601200
2025-06-02,585.992431640625,586.0714814983527,578.4291102147669,581.0985213264464,61630500
2025-06-03,589.3341064453125,590.3128764026674,585.1421107506463,585.6266079138771,63606200
2025-06-04,589.1759033203125,591.173028564345,588.7408877328025,590.1942585782981,57314200
2025-06-05,586.3285522460938,592.2111289512687,584.3512195951713,590.8566609128592,92278700
2025-06-06,592.3495483398438,594.0203968199735,590.0953601848463,591.8749474768216,66588700
2025-06-09,592.8834838867188,594.4356974397457,591.7069684086109,592.9230088207169,53016400
2025-06-10,596.244873046875,596.6304070325093,592.3001042710282,593.4172416440205,66247000
2025-06-11,594.54443359375,598.2025114763902,592.4781545343917,597.3423765043648,73658200
2025-06-12,596.9073486328125,596.9073486328125,592.725309003214,593.2097458920864,64129000
2025-06-13,590.2338256835938,595.0288334634262,588.731033484191,591.7168252456129,89506000
2025-06-16,595.8494262695312,597.5993850121447,593.4172853343232,593.5952983788304,79984100
2025-06-17,590.7578735351562,594.9300168530282,589.9965810836336,593.4074922933922,82209400
2025-06-18,590.6688232421875,594.4059506456396,589.7097855095001,591.6574895866379,76605000
2025-06-20,589.2816162109375,594.4180406328666,587.8735160730708,593.3471074282096,94051400
2025-06-23,595.1022338867188,595.4889076465048,586.9116980815279,590.0351674928282,87426000
2025-06-24,601.6764526367188,602.737399696003,598.3347417480489,599.2470472798032,67735300
2025-06-25,602.0136108398438,603.4910690166892,600.4468830082857,602.7969444947229,62114800
2025-06-26,606.7236938476562,607.1599955272326,603.2531315625092,603.8679120398481,78548400
2025-06-27,609.7380981445312,611.2056913389495,605.692457719191,607.7252035075089,86258400
2025-06-30,612.6533813476562,614.0118537505704,609.867018033134,612.1873634601734,92502500
2025-07-01,612.455078125,613.625146088841,610.3429883405835,611.1758893553448,70030100
2025-07-02,615.2315063476562,615.2711481262035,611.4237773441516,612.0484833566157,66510400
2025-07-03,620.0803833007812,621.0124795190609,617.194824993195,617.214676143094,51065800
2025-07-07,615.4595947265625,618.7814549531971,612.6732314169623,618.1170465947881,74814500
2025-07-08,615.1224365234375,616.8775081543645,614.3093261623386,616.1238907210633,59024600
2025-07-09,618.8110961914062,619.4655183729625,615.6875662931247,617.5319680301938,66113300
2025-07-10,620.5563354492188,621.5974919629854,617.7699723301522,618.9499658515675,57529000
2025-07-11,618.3748168945312,619.6043777491163,616.3024294765994,617.5022136064131,63670200
2025-07-14,619.5547485351562,619.901780492049,616.5700558274259,617.9186024028506,51898500
2025-07-15,616.9072875976562,622.5791484786782,616.8279435196437,622.2420420602726,74317300
2025-07-16,618.9697265625,619.4754466932056,612.8516386863737,618.4937831556223,88987500
2025-07-17,622.757568359375,623.1145864157634,618.9300491320286,619.1482301954767,68885700
2025-07-18,622.301513671875,624.175571102461,621.1909387049365,624.007017899032,65621600
2025-07-21,623.4815063476562,626.2281670376054,623.0551302914085,623.4815063476562,63375000
2025-07-22,623.5707397460938,624.4334174667899,620.9232136557434,623.8087114591411,60046300
2025-07-23,628.8757934570312,628.8757934570312,624.4334327911965,626.2381323551606,70511000
2025-07-24,629.083984375,630.7994747941685,628.6576082944551,629.2624631630094,71307100
2025-07-25,631.7413940429688,632.2173979677802,629.5004535059064,629.748350781943,56865400
2025-07-28,631.582763671875,632.6734874729789,630.1945147233831,632.1181999979412,54917100
2025-07-29,629.9169311523438,633.2982235137306,629.0046860832861,632.9809077241022,60556300
2025-07-30,629.1236572265625,632.3165451544952,626.2281734095909,630.5713386132512,80418900
2025-07-31,626.763671875,634.4682782312485,625.4646925404661,634.0816044685715,103385200
2025-08-01,616.4907836914062,621.0719812920488,614.0812292944926,621.0322789916852,140103600
2025-08-04,625.8612670898438,625.9108344398344,620.3183179857707,620.4075271113948,73218000
2025-08-05,622.688232421875,627.2892207726588,621.7660617410078,626.476110377079,68051400
2025-08-06,627.457763671875,628.1121858315174,622.8468502662965,623.7590952688204,64357500
2025-08-07,626.9321899414062,631.6223868787783,623.8185857342208,630.8886206499576,74205800
2025-08-08,631.82080078125,632.2868791777582,628.4097315038053,628.727047311219,64051600
2025-08-11,630.5713500976562,633.5758942477272,629.3219380955197,632.0984361099556,58742300
2025-08-12,637.2844848632812,637.4431125105409,631.434084195598,632.9214680410968,64730800
2025-08-13,639.4659423828125,640.7549961752953,637.2745085703324,639.4857330110176,60092800
2025-08-14,639.5254516601562,640.1897994624859,636.9374184340268,637.3835851461316,59327500
2025-08-15,638.0281372070312,640.6558727131268,637.11589211782,640.5566774831647,68592500
2025-08-18,637.8892822265625,638.5834067295413,636.7787072305159,637.4529805837014,43804900
2025-08-19,634.4286499023438,638.6924711313014,633.1098193903536,637.7108075589789,69750700
2025-08-20,632.742919921875,634.2798709561484,627.6263466835007,634.0221086228163,88890300
2025-08-21,630.2044677734375,632.604096553562,628.4791123479844,630.9283690027011,54805800
2025-08-22,639.8823852539062,641.0623787509013,631.8901792096084,632.3958993542917,84083200
2025-08-25,637.0662231445312,639.8625116828326,636.9472372936925,638.6230253017661,51274300
2025-08-26,639.733642578125,640.0807351008626,636.1738713484165,636.7985773675441,51581600
2025-08-27,641.1912841796875,641.9250504526357,638.9998504138363,639.148612992103,48341100
2025-08-28,643.4619750976562,644.0172625669782,639.9121297324674,641.7961126896905,61519500
2025-08-29,639.6245727539062,642.3911452321481,637.7306640961879,642.0242015644989,74522200
2025-09-02,634.884765625,635.1028861742022,629.5797276837342,632.13804448044,81983500
2025-09-03,638.3256225585938,638.7917009543937,635.0732414506999,637.2646148509236,70820900
2025-09-04,643.6602783203125,643.6900550422279,638.09747828346,638.999797688006,65219200
2025-09-05,641.796142578125,646.7243720544352,637.9190556866993,646.0004708304714,85178900
2025-09-08,643.3727416992188,644.3742563254497,641.7861629025881,643.1644862104067,63133100
2025-09-09,644.8601684570312,645.3856792185645,641.7762803015634,643.5115612591451,66133900
2025-09-10,646.724365234375,649.0446498954948,645.1576374702139,648.122479271532,78034500
2025-09-11,652.0988159179688,652.7929404681626,648.092817304151,648.6778210448584,69934400
2025-09-12,651.8805541992188,653.5662677492645,651.3748946038203,652.0689585463732,72780100
2025-09-15,655.3511352539062,655.4800466805781,653.7943936028013,654.0918582328915,63772400
2025-09-16,654.4487915039062,656.213849113272,653.6654579201036,655.9063983981582,61169000
2025-09-17,653.6357421875,656.1543568928759,648.7967821934204,654.4587781451693,101952200
2025-09-18,656.6898803710938,659.2977648370164,654.7166275252608,656.3229972048737,90459200
2025-09-19,659.9423217773438,660.7874850308027,656.6311583459587,658.5800832029405,97945600
2025-09-22,663.0645751953125,663.5119788762895,658.4209716621773,658.4508309420254,69452200
2025-09-23,659.4551391601562,663.5617612775759,658.2320617574377,662.9452156846509,81708900
2025-09-24,657.3569946289062,660.8471316064555,655.9350982101993,660.7477220570149,68082200
2025-09-25,654.3242797851562,655.6765652531099,650.7048739536411,654.2149171420698,89622100
2025-09-26,658.072998046875,658.619871988132,654.1553026157394,655.7760789419195,69179200
2025-09-29,659.9224243164062,661.5134019828115,658.112721358766,660.5985670660314,73499000
2025-09-30,662.4082641601562,662.8756347075731,657.8641309647478,659.1766647693167,86288000
2025-10-01,664.6654052734375,665.5801794564833,659.3059076216911,659.4152702620313,72545400
2025-10-02,665.4309692382812,666.7733621981591,663.004842335434,666.6540464714482,56896000
2025-10-03,665.421142578125,668.8714672806448,664.377038831869,666.1966948783695,70494400
2025-10-06,667.8074951171875,668.7024238148077,665.669704301124,667.8174482099862,54623300
2025-10-07,665.3316040039062,669.1796881705657,663.8898014056139,668.7322238208072,72020100
2025-10-08,669.2990112304688,669.398481470165,665.6299006256374,666.4552183740389,60702200
2025-10-09,667.3600463867188,670.1243359074817,665.4211353124821,669.7166839203261,66501900
2025-10-10,649.32275390625,670.1342452495495,649.14378031214,668.324542434099,159422600
2025-10-13,659.2860107421875,661.3642043859337,656.0345659370097,656.9095884512618,79560500
2025-10-14,658.4805908203125,662.0602448848334,649.4718888267987,653.4492417720955,88779600
2025-10-15,661.4039306640625,666.4352795829697,655.1992699391986,663.0446129876665,81702600
2025-10-16,656.8995971679688,664.9239136533134,653.3895542222015,663.0445999065358,110563300
2025-10-17,660.62841796875,661.9906565438909,654.4138037793879,655.7660892614911,96500900
2025-10-20,667.499267578125,668.4041493887289,663.4921159142255,663.5418206897375,60493400
2025-10-21,667.4893188476562,669.1797060532549,666.1867381348511,667.638493864759,56249000
2025-10-22,664.0191040039062,668.1953369980629,659.5445816579371,668.1953369980629,80564000
2025-10-23,667.9566650390625,668.9012985038863,664.019063764971,664.3372592841532,65604500
2025-10-24,673.4155883789062,674.628651928334,671.8246714345047,672.6300829996666,74356500
2025-10-27,681.3603515625,681.658640907831,678.2580209918731,678.8645527756448,63339800
2025-10-28,683.1700439453125,685.0095454543999,680.9526890414517,683.1600908523567,61738100
2025-10-29,683.4982299804688,685.795149064121,679.0038013689816,684.8206562449755,85657100
2025-10-30,675.9810180664062,682.0564104652303,675.9810180664062,680.0279821977349,76335800
2025-10-31,678.1983032226562,681.2012239761448,675.3942622450203,681.1614116072222,87164100
2025-11-03,679.4711303710938,681.9171636388411,676.0903560257897,681.7878948104295,57315000
2025-11-04,671.4169921875,676.1103005794487,670.7607556049009,672.2820616639051,78427000
2025-11-05,673.7437133789062,677.0051112074705,670.3529860359731,671.1583975728993,74402400
2025-11-06,666.514892578125,673.5448715272548,664.9338680034818,672.6399897028363,85035300
2025-11-07,667.1710815429688,667.2805048704689,657.4663915648358,664.1284090392404,100592400
2025-11-10,677.5818481445312,678.3176487268574,671.2081667723378,673.4056154266486,75842900
2025-11-11,679.1329956054688,679.6997756663966,674.8871520395073,676.1002762110339,58953400
2025-11-12,679.5109252929688,681.0819968300743,677.0946904605516,680.9129156193362,62312500
2025-11-13,668.235107421875,677.0051787486752,666.7237544337754,676.6472315164618,103457800
2025-11-14,668.1256713867188,671.8345335183507,659.5147291242073,661.612768198211,96846700
2025-11-17,661.901123046875,669.8956413839408,658.4209391867944,665.9083353081996,90456100
2025-11-18,656.3427734375,661.354216097308,652.146634691611,658.3512953245886,114467500
2025-11-19,658.8783569335938,663.5617119214406,655.0203196831769,657.0388554539629,94703000
2025-11-20,648.8355712890625,671.7351497651099,648.1991802397498,669.1001291109939,165293500
2025-11-21,655.2987670898438,660.7874729698119,647.1650267848305,651.3412595795126,123956200
2025-11-24,664.9437866210938,666.2662734630499,657.8442577670318,658.9380055466532,80437900
2025-11-25,671.1982421875,672.3815071629971,660.717877921785,664.8444060411854,81077100
2025-11-26,675.8318481445312,677.8404309302599,672.8885849296569,673.7934667684052,71879600
2025-11-28,679.5208129882812,679.7991961322198,676.6471609574353,677.0051081523229,49212000
2025-12-01,676.41845703125,679.1230277654502,674.8970904760725,674.9667014318244,61201200
2025-12-02,677.67138671875,679.9483994968172,675.4838303983408,678.0591325179204,62953800
2025-12-03,680.0180053710938,681.0321891246488,675.8417725523884,676.7167950740063,57238500
2025-12-04,680.51513671875,681.4895687361658,677.4824173401821,681.4199577792665,61970300
2025-12-05,681.8078002929688,684.4925257185774,680.7040993957534,681.5890143183475,79241000
2025-12-08,679.7594604492188,682.7524282821314,677.7111260885928,682.7027235077143,55231500
2025-12-09,679.1727905273438,681.5095218770947,678.7253868572307,679.2822138612034,58310100
2025-12-10,683.6771850585938,685.0692222502689,677.4526176554032,678.6955405173951,85671300
2025-12-11,685.26806640625,685.3476304583654,678.3076987410943,681.2609148661827,86173700
2025-12-12,677.9000854492188,684.9797692517327,675.3247225627367,684.2737672143002,113160300
2025-12-15,676.8758544921875,681.8774049984522,675.4042533093998,681.8574988128718,90811000
2025-12-16,675.0264282226562,677.2239376857725,671.1584377196804,675.3843754405706,122030600
2025-12-17,667.5986938476562,676.5874893555698,667.3998140691156,676.0406154817738,110625200
2025-12-18,672.6399536132812,676.8857972779194,671.0788959983324,673.7635606688432,108650100
2025-12-19,678.7363891601562,679.2350273728672,674.6275542880097,674.747283458469,103599500
2025-12-22,682.96484375,683.4933686131409,678.7364013691785,682.0772531068674,69556700
2025-12-23,686.0863037109375,686.325640311278,682.0074163952171,682.0572680421344,64840000
2025-12-24,688.4996948242188,688.9484813838191,685.9267046355759,686.0763204450832,39445600
2025-12-26,688.4298706054688,689.7761694005526,687.392725060237,688.758988861415,41613300
2025-12-29,685.9765625,687.322922191004,684.2014421207446,685.6674092439482,62559500
2025-12-30,685.138916015625,686.6846823672308,684.7100944386586,685.5777200962995,47160700
2025-12-31,680.062744140625,685.4879304984822,679.8533550408816,685.2685588951464,74144800
2026-01-02,681.309326171875,684.999261161205,677.9684744567207,683.842447277036,89377200
2026-01-05,685.846923828125,687.5522884526621,684.5106074856512,684.6701449336617,71927200
2026-01-06,689.92578125,690.4344019511112,685.9067890249802,686.0563439630641,69273800
2026-01-07,687.701904296875,692.0699799720542,687.4426026835383,690.3047811958188,75588300
2026-01-08,687.632080078125,688.7390423054183,685.6175622141362,686.9439569075789,64019200
2026-01-09,692.1796264648438,693.4162394407576,687.3029303433501,688.7489932725086,80125500
2026-01-12,693.2666625976562,694.1941832506386,688.7490319805348,688.7988836287034,63976000
2026-01-13,691.8804931640625,694.194181802135,689.467040360938,693.595779418591,78309700
2026-01-14,688.479736328125,689.8360176539858,684.1714948792828,689.1180078469732,94676700
2026-01-15,690.3546142578125,693.5558934557131,689.3673203481677,692.678285342935,77862000
2026-01-16,689.7761840820312,692.359156800422,688.22043529661,691.7707369284135,79289200
2026-01-20,675.7345581054688,682.9049778344743,674.7272992054969,679.6338820353151,111623300
2026-01-21,683.5332641601562,686.8641332264262,676.2830453044572,677.7989248999835,127844500
2026-01-22,687.103515625,689.2476843606095,685.0491285530771,687.9711412752974,77112200
2026-01-23,687.352783203125,689.0781127396581,685.2884137823622,686.2757685331861,63059600
2026-01-26,690.84326171875,692.2394730275811,688.0409174669724,688.609372319757,60473800
2026-01-27,693.5957641601562,694.6329705879123,691.6810104865692,692.2893344912051,55506100
2026-01-28,693.5259399414062,695.9393926651097,692.0499903412962,695.1515053497095,61172200
2026-01-29,692.1497192382812,695.1615135683285,682.9648421722587,694.4933553961189,97486200
2026-01-30,690.0853271484375,692.3192774332931,685.2485609149509,689.9058246991844,101835100
2026-02-02,693.5159912109375,695.0318708971434,687.5423149981101,687.7019133171445,79286500
2026-02-03,687.6520385742188,695.0617950648859,682.1670182684101,694.3138377504575,107904600
2026-02-04,684.3211059570312,689.5667896413613,679.9031787408285,688.4697490630058,105204600
2026-02-05,675.7744750976562,681.8279505601881,673.9494421186707,679.0854402743204,113610800
2026-02-06,688.739013671875,690.4244132010324,678.995603890688,679.6039887472712,89127600
2026-02-09,692.0599975585938,693.9747512796714,686.4652913399738,687.5423060693106,73885200
2026-02-10,690.2349243164062,694.64286887948,689.7761552680904,693.0572335194393,65185700
2026-02-11,690.075439453125,695.2413241987686,687.3029816841566,694.4933668556342,76353900
2026-02-12,679.41455078125,693.4561594586687,678.5169776231163,692.3491972008484,118829000
2026-02-13,679.8931884765625,684.410879804094,675.6747287653898,679.833354327075,96267500
2026-02-17,680.9901733398438,683.074507822494,673.9394826742099,678.287593220413,81354700
2026-02-18,684.4208374023438,687.2730943282486,680.9702998190471,682.157061237011,73570300
2026-02-19,682.61572265625,684.311104689823,679.6937101433548,681.9775120282383,58649400
2026-02-20,687.5523071289062,688.1805961724377,679.8732661615737,680.4616860592505,100034000
2026-02-23,680.531494140625,688.1207533479937,678.5169762252317,685.9566804858357,90558100
2026-02-24,685.4779052734375,686.4751816677359,678.1479481229125,680.0427976196477,73798700
2026-02-25,691.26220703125,691.7907319065998,688.2204651135966,688.3002642742074,56369500
2026-02-26,687.422607421875,691.4117130049051,682.486077089091,691.391808867856,71671000
2026-02-27,684.1216430664062,684.9892686841309,679.7835149777827,681.2295779636313,83308900
2026-03-02,684.5106201171875,686.744509644098,676.1734035367807,676.8515442239554,87477200
2026-03-03,678.4771118164062,680.7508704958498,667.8361281509542,673.221445388408,105003100
2026-03-04,683.2639770507812,685.2186606854194,677.7689744100875,679.7735096903759,79182200
2026-03-05,679.4544067382812,683.6629449535216,673.7699188745959,680.2223290726917,106606500
2026-03-06,670.5487060546875,674.2685275228549,667.9358467743081,671.5758690877306,100687000
2026-03-09,676.4227294921875,678.0681991431876,660.5859743093405,664.5750801817165,102667700
2026-03-10,675.3356323242188,681.4987932365287,672.9222404542279,675.87413967305,81505300
2026-03-11,674.4879760742188,678.2277626375325,671.5061293267642,675.7345715953234,68441700
2026-03-12,664.2459106445312,669.8207124533001,664.0564256954588,669.3319958917509,108882200
2026-03-13,660.4862060546875,670.5088831921612,659.5587462493693,667.4472371497842,97200200
2026-03-16,667.2078857421875,670.239584206393,665.3030536555561,666.5596317087426,82023100
2026-03-17,668.9630126953125,672.60309589337,667.8760155087483,670.5586914524959,87128000
2026-03-18,659.6285400390625,667.8959397089973,659.3892034355257,666.5396583763402,82062600
2026-03-19,658.0029907226562,661.1743225351036,653.3855958813168,655.1806813207687,111272500
2026-03-20,648.5700073242188,656.6900024414062,644.719970703125,656.510009765625,163617500
2026-03-23,655.3800048828125,662.6199951171875,653.9400024414062,658.0700073242188,134802700
2026-03-24,653.1799926757812,657.030029296875,649.8800048828125,651.3200073242188,96457500
2026-03-25,656.8200073242188,660.8900146484375,654.239990234375,658.6699829101562,90653800
2026-03-26,645.0900268554688,654.8499755859375,644.8200073242188,652.0599975585938,96494400
2026-03-27,634.0900268554688,642.6599731445312,633.1099853515625,642.5,103649400
2026-03-30,631.969970703125,640.3699951171875,629.280029296875,640.1099853515625,99275900
2026-03-31,650.3400268554688,651.5399780273438,637.97998046875,638.9400024414062,152534100
2026-04-01,655.239990234375,658.52001953125,653.0,653.9000244140625,97841500
2026-04-02,655.8300170898438,658.2000122070312,645.1099853515625,646.4199829101562,68358700
2026-04-06,658.9299926757812,659.719970703125,655.52001953125,655.8599853515625,39105800
2026-04-07,659.219970703125,659.6099853515625,651.0599975585938,656.6500244140625,69980400
2026-04-08,676.010009765625,677.0800170898438,671.4600219726562,676.3900146484375,93606100
2026-04-09,679.9099731445312,681.1599731445312,673.77001953125,674.8400268554688,57134400
2026-04-10,679.4600219726562,682.030029296875,678.4500122070312,681.3200073242188,42253500
2026-04-13,686.0999755859375,686.2999877929688,676.5800170898438,677.4099731445312,54185800
2026-04-14,694.4600219726562,694.5800170898438,687.6599731445312,687.6900024414062,63480500
2026-04-15,699.9400024414062,700.280029296875,694.2000122070312,695.260009765625,58240400
2026-04-16,701.6599731445312,702.780029296875,698.530029296875,701.0599975585938,49972400
2026-04-17,710.1400146484375,712.3900146484375,705.760009765625,706.1400146484375,70661900
2026-04-20,708.719970703125,709.9099731445312,706.1400146484375,708.780029296875,43546800
2026-04-21,704.0800170898438,711.280029296875,702.6400146484375,710.280029296875,58941400
2026-04-22,711.2100219726562,711.4500122070312,708.219970703125,709.1500244140625,42518500
2026-04-23,708.4500122070312,712.3599853515625,702.280029296875,709.5,56174000
2026-04-24,713.9400024414062,714.469970703125,709.010009765625,710.75,45182000
2026-04-27,715.1699829101562,715.6300048828125,712.2999877929688,713.1699829101562,33135900
2026-04-28,711.6900024414062,712.8800048828125,709.25,711.8200073242188,43117400
2026-04-29,711.5800170898438,712.2000122070312,708.3699951171875,711.0,41859200
2026-04-30,718.6599731445312,719.7899780273438,710.4500122070312,714.6300048828125,67240900
2026-05-01,720.6500244140625,724.8699951171875,720.469970703125,721.25,43049800
2026-05-04,718.010009765625,722.1199951171875,714.989990234375,720.0700073242188,51881100
2026-05-05,723.4749755859375,723.8699951171875,721.4898071289062,721.77001953125,16473795
